timestamp,humidity,temperature,ph,ce,water_level,flow_rate,season,activar_bomba,abrir_valvula_riego,inyectar_fertilizante,abrir_valvula_suministro,porcentaje_fertilizante,cantidad_agua
2024-09-28 03:31:42,57.64,33.4,6.31,1.78,68.41,7.14,spring,False,False,False,False,0.0,0.0
2024-09-28 04:01:42,60.15,33.94,6.25,1.91,68.15,1.26,spring,False,False,False,False,0.0,0.0
2024-09-28 04:31:42,67.22,32.91,6.33,1.9,68.15,5.46,spring,False,False,False,False,0.0,0.0
2024-09-28 05:01:42,64.95,31.29,6.41,1.89,68.04,0.57,spring,False,False,False,False,0.0,0.0
2024-09-28 05:31:42,65.61,31.15,6.4,2.02,67.47,3.93,spring,False,False,False,False,0.0,0.0
2024-09-28 06:01:42,80.0,31.38,6.27,1.97,66.8,6.85,spring,False,False,False,False,0.0,0.0
2024-09-28 06:31:42,66.82,31.79,6.29,1.89,66.09,4.19,spring,False,False,False,False,0.0,0.0
2024-09-28 07:01:42,74.11,32.89,6.31,2.04,65.23,1.54,spring,False,False,False,False,0.0,0.0
2024-09-28 07:31:42,68.81,34.42,6.34,2.04,65.01,1.59,spring,False,False,False,False,0.0,0.0
2024-09-28 08:01:42,64.97,36.52,6.32,1.78,64.23,2.54,spring,False,False,False,False,0.0,0.0
2024-09-28 08:31:42,68.69,35.64,6.5,1.58,63.24,5.71,spring,False,False,False,False,0.0,0.0
2024-09-28 09:01:42,62.47,36.16,6.59,1.61,62.44,0.16,spring,False,False,False,False,0.0,0.0
2024-09-28 09:31:42,60.18,35.6,6.63,1.56,62.44,4.94,spring,False,False,False,False,0.0,0.0
2024-09-28 10:01:42,56.84,34.47,6.64,1.7,61.64,3.89,spring,False,False,False,False,0.0,0.0
2024-09-28 10:31:42,69.89,34.34,6.75,1.81,61.44,8.15,spring,False,False,False,False,0.0,0.0
2024-09-28 11:01:42,59.83,35.05,6.64,1.7,60.52,4.99,spring,False,False,False,False,0.0,0.0
2024-09-28 11:31:42,75.43,35.48,6.72,1.54,60.06,1.66,spring,False,False,False,False,0.0,0.0
2024-09-28 12:01:42,61.78,35.78,6.71,1.47,59.81,1.91,spring,False,False,True,False,0.14,0.0
2024-09-28 12:31:42,60.76,35.46,6.66,1.5,59.6,4.01,spring,False,False,True,False,1.13,0.0
2024-09-28 13:01:42,69.38,35.16,6.65,1.44,58.96,1.56,spring,False,False,True,False,3.73,0.0
2024-09-28 13:31:42,70.87,35.5,6.82,1.45,58.88,6.44,spring,False,False,True,False,0.28,0.0
2024-09-28 14:01:42,57.4,36.59,6.86,1.51,57.96,8.9,spring,False,False,False,False,0.0,0.0
2024-09-28 14:31:42,65.55,38.22,6.8,1.48,57.93,4.19,spring,False,False,True,False,4.24,0.0
2024-09-28 15:01:42,65.44,35.71,6.85,1.46,57.79,6.31,spring,False,False,True,False,4.7,0.0
2024-09-28 15:31:42,67.95,36.75,6.9,1.48,57.55,0.47,spring,False,False,True,False,0.58,0.0
2024-09-28 16:01:42,61.83,37.24,6.76,1.65,57.43,3.95,spring,False,False,False,False,0.0,0.0
2024-09-28 16:31:42,59.06,37.92,6.76,1.64,57.04,6.21,spring,False,False,False,False,0.0,0.0
2024-09-28 17:01:42,64.89,37.68,6.79,1.56,56.54,1.99,spring,False,False,False,False,0.0,0.0
2024-09-28 17:31:42,66.19,38.71,7.06,1.5,56.52,2.11,spring,False,False,True,False,0.42,0.0
2024-09-28 18:01:42,57.35,39.17,7.04,1.47,56.07,7.29,spring,False,False,True,False,1.15,0.0
2024-09-28 18:31:42,67.32,40.0,7.0,1.28,56.05,8.56,spring,False,False,True,False,1.54,0.0
2024-09-28 19:01:42,65.82,40.0,7.05,1.26,55.11,7.13,spring,False,False,True,False,0.24,0.0
2024-09-28 19:31:42,62.7,38.78,6.96,1.22,54.51,0.75,spring,False,False,True,False,1.05,0.0
2024-09-28 20:01:42,69.79,39.47,6.89,1.18,54.39,1.91,spring,False,False,True,False,4.33,0.0
2024-09-28 20:31:42,58.37,37.99,6.91,1.09,53.4,0.83,spring,False,False,True,False,4.04,0.0
2024-09-28 21:01:42,61.7,37.08,7.08,1.07,52.79,5.25,spring,False,False,True,False,0.78,0.0
2024-09-28 21:31:42,67.64,37.33,7.02,0.91,52.77,4.94,spring,False,False,True,False,1.76,0.0
2024-09-28 22:01:42,60.05,38.55,7.12,0.97,51.83,1.82,spring,False,False,True,False,2.69,0.0
2024-09-28 22:31:42,60.16,38.81,7.06,1.15,50.87,8.64,spring,False,False,True,False,2.5,0.0
2024-09-28 23:01:42,51.55,40.0,7.2,1.05,50.55,7.79,spring,False,False,True,False,1.95,0.0
2024-09-28 23:31:42,58.67,39.2,7.23,0.91,50.51,4.05,spring,False,False,True,False,4.79,0.0
2024-09-29 00:01:42,62.33,39.85,7.15,0.74,49.75,7.74,spring,False,False,True,False,3.62,0.0
2024-09-29 00:31:42,59.34,39.05,7.07,0.61,49.23,9.37,spring,False,False,True,False,0.49,0.0
2024-09-29 01:01:42,67.03,39.15,6.83,0.58,48.83,9.3,spring,False,False,True,False,4.13,0.0
2024-09-29 01:31:42,59.91,39.31,6.71,0.64,48.19,0.51,spring,False,False,True,False,4.67,0.0
2024-09-29 02:01:42,68.63,37.83,6.8,0.56,47.33,8.42,spring,False,False,True,False,4.53,0.0
2024-09-29 02:31:42,53.27,37.21,6.78,0.52,47.05,0.51,spring,False,False,True,False,0.16,0.0
2024-09-29 03:01:42,59.83,35.91,6.86,0.5,46.69,2.57,spring,False,False,True,False,2.03,0.0
2024-09-29 03:31:42,60.69,36.6,6.72,0.59,46.09,9.9,spring,False,False,True,False,1.65,0.0
2024-09-29 04:01:42,60.07,38.52,6.59,0.76,45.55,5.74,spring,False,False,True,False,1.49,0.0
2024-09-29 04:31:42,64.39,39.54,6.63,0.67,45.41,6.88,spring,False,False,True,False,4.45,0.0
2024-09-29 05:01:42,54.13,40.0,6.63,0.8,44.94,3.99,spring,False,False,True,False,2.13,0.0
2024-09-29 05:31:42,55.13,40.0,6.68,0.72,44.07,0.73,spring,False,False,True,False,3.26,0.0
2024-09-29 06:01:42,54.59,40.0,6.59,0.94,43.64,1.63,spring,False,False,True,False,1.87,0.0
2024-09-29 06:31:42,51.41,40.0,6.75,0.99,43.13,9.79,spring,False,False,True,False,4.89,0.0
2024-09-29 07:01:42,56.99,39.12,6.84,0.93,43.1,3.03,spring,False,False,True,False,1.38,0.0
2024-09-29 07:31:42,62.8,37.53,6.92,0.9,43.09,3.1,spring,False,False,True,False,1.29,0.0
2024-09-29 08:01:42,55.12,37.67,6.92,0.78,42.73,6.28,spring,False,False,True,False,3.22,0.0
2024-09-29 08:31:42,62.77,37.73,6.82,0.86,42.44,5.27,spring,False,False,True,False,0.68,0.0
2024-09-29 09:01:42,64.24,36.64,6.93,0.78,42.15,2.21,spring,False,False,True,False,0.22,0.0
2024-09-29 09:31:42,57.12,35.37,7.09,0.6,41.81,6.63,spring,False,False,True,False,2.35,0.0
2024-09-29 10:01:42,64.32,37.07,6.95,0.65,41.51,8.68,spring,False,False,True,False,2.23,0.0
2024-09-29 10:31:42,59.97,34.99,6.93,0.83,41.42,3.53,spring,False,False,True,False,0.0,0.0
2024-09-29 11:01:42,66.53,34.23,7.03,0.69,40.59,4.54,spring,False,False,True,False,3.94,0.0
2024-09-29 11:31:42,64.64,35.34,7.14,0.77,40.11,0.43,spring,False,False,True,False,2.61,0.0
2024-09-29 12:01:42,74.59,34.37,7.09,0.59,39.22,4.75,spring,False,False,True,False,4.95,0.0
2024-09-29 12:31:42,64.18,34.72,7.14,0.52,38.26,3.95,spring,False,False,True,False,2.39,0.0
2024-09-29 13:01:42,68.23,35.39,7.17,0.5,37.38,4.99,spring,False,False,True,False,1.14,0.0
2024-09-29 13:31:42,65.9,34.68,7.41,0.61,36.93,6.31,spring,False,False,True,False,3.13,0.0
2024-09-29 14:01:42,70.55,34.53,7.42,0.62,36.82,2.43,spring,False,False,True,False,4.95,0.0
2024-09-29 14:31:42,71.1,33.43,7.51,0.61,36.03,9.63,spring,False,False,True,False,0.81,0.0
2024-09-29 15:01:42,65.88,32.83,7.5,0.77,35.48,7.3,spring,False,False,True,False,0.81,0.0
2024-09-29 15:31:42,71.49,34.15,7.5,0.67,35.39,5.29,spring,False,False,True,False,1.38,0.0
2024-09-29 16:01:42,65.32,34.87,7.62,0.77,34.93,2.26,spring,False,False,True,False,4.67,0.0
2024-09-29 16:31:42,68.72,35.0,7.61,0.73,34.05,4.24,spring,False,False,True,False,0.17,0.0
2024-09-29 17:01:42,66.53,36.31,7.59,0.73,33.26,6.08,spring,False,False,True,False,1.17,0.0
2024-09-29 17:31:42,64.61,36.21,7.6,0.76,32.27,8.96,spring,False,False,True,False,3.94,0.0
2024-09-29 18:01:42,53.78,36.81,7.63,0.81,31.71,6.07,spring,False,False,True,False,4.04,0.0
2024-09-29 18:31:42,66.36,36.93,7.66,0.64,31.08,9.88,spring,False,False,True,False,0.74,0.0
2024-09-29 19:01:42,61.91,35.55,7.59,0.58,31.08,0.78,spring,False,False,True,False,2.32,0.0
2024-09-29 19:31:42,59.59,35.36,7.43,0.58,31.07,8.17,spring,False,False,True,False,0.83,0.0
2024-09-29 20:01:42,62.31,34.34,7.65,0.5,30.3,1.46,spring,False,False,True,False,0.72,0.0
2024-09-29 20:31:42,62.08,36.19,7.7,0.71,30.0,3.11,spring,False,False,True,False,2.33,0.0
2024-09-29 21:01:42,61.66,36.44,7.79,0.87,29.62,6.11,spring,False,False,True,True,4.01,0.0
2024-09-29 21:31:42,58.69,36.18,7.9,0.86,29.5,4.31,spring,False,False,True,True,4.96,0.0
2024-09-29 22:01:42,63.33,35.45,7.88,0.94,29.24,7.2,spring,False,False,True,True,0.05,0.0
2024-09-29 22:31:42,60.63,35.04,8.0,0.85,28.91,5.39,spring,False,False,True,True,4.01,0.0
2024-09-29 23:01:42,55.28,35.23,7.88,0.79,28.72,2.84,spring,False,False,True,True,4.65,0.0
2024-09-29 23:31:42,57.77,35.52,7.85,0.72,28.2,3.86,spring,False,False,True,True,0.81,0.0
2024-09-30 00:01:42,53.78,35.62,7.83,0.69,27.63,6.27,spring,False,False,True,True,3.52,0.0
2024-09-30 00:31:42,66.95,36.0,7.88,0.58,27.52,5.83,spring,False,False,True,True,0.78,0.0
2024-09-30 01:01:42,54.81,37.02,7.94,0.5,26.9,9.39,spring,False,False,True,True,4.21,0.0
2024-09-30 01:31:42,60.23,38.32,8.0,0.51,26.01,3.49,spring,False,False,True,True,3.93,0.0
2024-09-30 02:01:42,71.15,38.09,8.0,0.5,25.61,9.46,spring,False,False,True,True,1.52,0.0
2024-09-30 02:31:42,63.32,38.92,7.92,0.61,25.32,8.9,spring,False,False,True,True,1.95,0.0
2024-09-30 03:01:42,65.42,38.07,7.93,0.64,24.94,0.96,spring,False,False,True,True,2.33,0.0
2024-09-30 03:31:42,65.62,36.42,8.0,0.52,24.1,1.45,spring,False,False,True,True,0.33,0.0
2024-09-30 04:01:42,60.99,36.82,7.88,0.54,23.14,5.93,spring,False,False,True,True,4.74,0.0
2024-09-30 04:31:42,56.52,36.7,7.89,0.52,22.67,3.18,spring,False,False,True,True,2.37,0.0
2024-09-30 05:01:42,63.71,36.56,7.81,0.55,21.74,4.53,spring,False,False,True,True,0.97,0.0
2024-09-30 05:31:42,63.32,36.78,7.91,0.5,21.35,1.42,spring,False,False,True,True,3.04,0.0
2024-09-30 06:01:42,65.48,36.41,7.9,0.5,21.03,5.92,spring,False,False,True,True,2.37,0.0
2024-09-30 06:31:42,57.46,36.12,7.9,0.5,20.56,5.36,spring,False,False,True,True,4.55,0.0
2024-09-30 07:01:42,66.04,36.2,7.92,0.57,20.19,3.56,spring,False,False,True,True,1.6,0.0
2024-09-30 07:31:42,64.38,35.89,7.86,0.64,100.0,7.59,spring,False,False,True,False,4.02,0.0
2024-09-30 08:01:42,66.57,35.63,7.96,0.53,99.16,3.58,spring,False,False,True,False,0.55,0.0
2024-09-30 08:31:42,68.92,35.62,8.0,0.57,99.11,9.61,spring,False,False,True,False,0.44,0.0
2024-09-30 09:01:42,65.69,35.76,8.0,0.56,98.59,1.0,spring,False,False,True,False,1.41,0.0
2024-09-30 09:31:42,65.32,34.34,8.0,0.57,97.77,6.58,spring,False,False,True,False,1.37,0.0
2024-09-30 10:01:42,62.83,34.21,7.92,0.58,96.91,6.92,spring,False,False,True,False,3.84,0.0
2024-09-30 10:31:42,70.18,33.41,7.88,0.66,96.31,4.01,spring,False,False,True,False,3.45,0.0
2024-09-30 11:01:42,61.87,32.96,7.99,0.67,96.18,6.72,spring,False,False,True,False,1.15,0.0
2024-09-30 11:31:42,57.61,34.21,8.0,0.8,95.7,5.74,spring,False,False,True,False,0.0,0.0
2024-09-30 12:01:42,70.56,34.34,8.0,0.76,94.71,5.66,spring,False,False,True,False,4.57,0.0
2024-09-30 12:31:42,61.24,34.13,8.0,0.72,93.99,6.85,spring,False,False,True,False,2.86,0.0
2024-09-30 13:01:42,70.98,33.41,7.94,0.53,93.83,2.38,spring,False,False,True,False,4.34,0.0
2024-09-30 13:31:42,65.97,33.33,7.92,0.5,93.3,0.97,spring,False,False,True,False,3.17,0.0
2024-09-30 14:01:42,66.06,33.07,7.98,0.59,92.86,0.33,spring,False,False,True,False,1.47,0.0
2024-09-30 14:31:42,63.37,34.21,7.77,0.54,92.3,0.63,spring,False,False,True,False,3.22,0.0
2024-09-30 15:01:42,74.58,33.67,7.69,0.5,91.94,7.03,spring,False,False,True,False,4.07,0.0
2024-09-30 15:31:42,64.98,34.72,7.6,0.5,91.64,7.69,spring,False,False,True,False,0.63,0.0
2024-09-30 16:01:42,60.12,35.33,7.56,0.5,91.1,0.76,spring,False,False,True,False,4.77,0.0
2024-09-30 16:31:42,60.17,34.71,7.44,0.67,91.02,5.27,spring,False,False,True,False,2.07,0.0
2024-09-30 17:01:42,64.07,34.22,7.48,0.5,90.8,9.03,spring,False,False,True,False,1.11,0.0
2024-09-30 17:31:42,66.54,34.14,7.36,0.8,90.71,2.08,spring,False,False,True,False,2.2,0.0
2024-09-30 18:01:42,66.11,34.19,7.32,0.77,90.49,9.67,spring,False,False,True,False,1.06,0.0
2024-09-30 18:31:42,68.33,34.5,7.29,0.76,89.98,9.57,spring,False,False,True,False,0.63,0.0
2024-09-30 19:01:42,66.42,34.95,7.2,0.7,89.83,5.58,spring,False,False,True,False,0.54,0.0
2024-09-30 19:31:42,64.69,34.4,7.0,0.61,89.72,6.59,spring,False,False,True,False,2.34,0.0
2024-09-30 20:01:42,59.34,33.76,6.89,0.83,88.81,6.32,spring,False,False,True,False,1.17,0.0
2024-09-30 20:31:42,64.56,33.28,6.8,0.8,88.29,7.51,spring,False,False,True,False,1.71,0.0
2024-09-30 21:01:42,66.77,32.15,6.66,0.92,87.8,2.1,spring,False,False,True,False,4.32,0.0
2024-09-30 21:31:42,72.29,30.84,6.79,0.86,87.59,2.03,spring,False,False,True,False,4.86,0.0
2024-09-30 22:01:42,70.81,31.1,6.72,0.98,87.37,3.26,spring,False,False,True,False,4.92,0.0
2024-09-30 22:31:42,62.6,32.13,6.75,0.92,86.54,7.54,spring,False,False,True,False,1.87,0.0
2024-09-30 23:01:42,70.22,31.25,6.68,0.94,86.17,8.88,spring,False,False,True,False,3.18,0.0
2024-09-30 23:31:42,77.03,30.37,6.73,0.9,85.65,5.42,spring,False,False,True,False,2.77,0.0
2024-10-01 00:01:42,63.28,31.02,6.7,0.76,85.45,0.45,spring,False,False,True,False,3.11,0.0
2024-10-01 00:31:42,73.82,33.39,6.83,0.82,84.82,8.19,spring,False,False,True,False,0.46,0.0
2024-10-01 01:01:42,76.67,33.42,6.64,0.83,84.1,2.93,spring,False,False,True,False,2.97,0.0
2024-10-01 01:31:42,62.96,32.45,6.51,0.84,83.74,7.67,spring,False,False,True,False,2.58,0.0
2024-10-01 02:01:42,66.84,31.95,6.46,0.87,83.1,3.56,spring,False,False,True,False,2.26,0.0
2024-10-01 02:31:42,67.93,32.17,6.58,0.76,82.87,7.01,spring,False,False,True,False,3.1,0.0
2024-10-01 03:01:42,68.29,32.2,6.62,0.84,82.64,5.92,spring,False,False,True,False,4.49,0.0
2024-10-01 03:31:42,69.0,31.94,6.51,0.76,82.18,3.48,spring,False,False,True,False,2.75,0.0
2024-10-01 04:01:42,72.41,32.69,6.43,0.81,81.23,7.57,spring,False,False,True,False,1.99,0.0
2024-10-01 04:31:42,58.95,32.59,6.57,0.85,80.34,7.62,spring,False,False,True,False,1.93,0.0
2024-10-01 05:01:42,67.76,32.13,6.53,0.88,80.03,0.0,spring,False,False,True,False,1.62,0.0
2024-10-01 05:31:42,69.65,31.85,6.49,0.9,79.47,8.81,spring,False,False,True,False,0.09,0.0
2024-10-01 06:01:42,70.65,33.12,6.62,0.78,78.57,3.29,spring,False,False,True,False,2.74,0.0
2024-10-01 06:31:42,73.31,32.81,6.53,0.7,77.85,4.05,spring,False,False,True,False,0.83,0.0
2024-10-01 07:01:42,56.09,31.57,6.48,0.55,77.52,7.93,spring,False,False,True,False,3.54,0.0
2024-10-01 07:31:42,77.56,31.8,6.44,0.52,77.34,0.41,spring,False,False,True,False,1.31,0.0
2024-10-01 08:01:42,69.55,33.07,6.5,0.5,76.96,9.86,spring,False,False,True,False,0.32,0.0
2024-10-01 08:31:42,76.25,32.25,6.52,0.5,76.68,8.78,spring,False,False,True,False,3.81,0.0
2024-10-01 09:01:42,56.87,31.85,6.5,0.5,75.82,3.02,spring,False,False,True,False,4.8,0.0
2024-10-01 09:31:42,57.72,33.56,6.44,0.5,75.35,3.94,spring,False,False,True,False,3.77,0.0
2024-10-01 10:01:42,73.58,33.39,6.2,0.5,75.09,1.47,spring,False,False,True,False,0.52,0.0
2024-10-01 10:31:42,66.61,33.7,6.19,0.63,74.15,2.84,spring,False,False,True,False,1.9,0.0
2024-10-01 11:01:42,65.49,33.23,6.34,0.6,73.61,6.25,spring,False,False,True,False,0.94,0.0
2024-10-01 11:31:42,69.25,32.2,6.65,0.55,72.97,1.27,spring,False,False,True,False,2.92,0.0
2024-10-01 12:01:42,68.17,32.75,6.62,0.5,72.23,6.13,spring,False,False,True,False,4.88,0.0
2024-10-01 12:31:42,69.83,32.09,6.51,0.51,72.04,1.37,spring,False,False,True,False,4.45,0.0
2024-10-01 13:01:42,73.19,31.26,6.68,0.5,71.13,0.5,spring,False,False,True,False,3.58,0.0
2024-10-01 13:31:42,80.0,31.31,6.72,0.55,70.65,2.56,spring,False,False,True,False,3.63,0.0
2024-10-01 14:01:42,65.55,31.65,6.62,0.74,70.51,2.87,spring,False,False,True,False,1.78,0.0
2024-10-01 14:31:42,72.91,32.12,6.81,0.88,69.98,1.59,spring,False,False,True,False,3.0,0.0
2024-10-01 15:01:42,79.17,31.23,6.79,0.93,69.55,6.38,spring,False,False,True,False,4.96,0.0
2024-10-01 15:31:42,65.73,30.61,7.07,0.8,69.29,9.08,spring,False,False,True,False,1.09,0.0
2024-10-01 16:01:42,64.86,31.93,7.15,0.88,68.93,4.61,spring,False,False,True,False,4.41,0.0
2024-10-01 16:31:42,75.74,31.61,7.01,0.77,68.51,7.75,spring,False,False,True,False,3.4,0.0
2024-10-01 17:01:42,67.99,33.14,6.99,0.83,68.41,6.77,spring,False,False,True,False,2.68,0.0
2024-10-01 17:31:42,66.45,34.56,7.01,0.87,67.7,5.23,spring,False,False,True,False,1.18,0.0
2024-10-01 18:01:42,61.41,32.57,7.12,0.9,67.46,6.91,spring,False,False,True,False,1.21,0.0
2024-10-01 18:31:42,64.9,31.33,7.12,1.05,67.02,3.25,spring,False,False,True,False,2.61,0.0
2024-10-01 19:01:42,58.65,33.08,6.99,0.9,66.97,7.5,spring,False,False,True,False,1.34,0.0
2024-10-01 19:31:42,56.95,33.35,6.95,0.97,66.73,9.43,spring,False,False,True,False,4.21,0.0
2024-10-01 20:01:42,65.32,36.02,6.86,0.72,66.68,5.55,spring,False,False,True,False,2.48,0.0
2024-10-01 20:31:42,63.07,34.53,6.96,0.75,66.68,4.23,spring,False,False,True,False,3.91,0.0
2024-10-01 21:01:42,71.75,36.82,7.09,0.81,66.2,5.94,spring,False,False,True,False,2.86,0.0
2024-10-01 21:31:42,57.19,38.28,7.1,0.61,65.38,7.72,spring,False,False,True,False,2.5,0.0
2024-10-01 22:01:42,67.38,37.24,6.95,0.6,65.15,1.79,spring,False,False,True,False,1.6,0.0
2024-10-01 22:31:42,62.94,37.05,6.84,0.64,64.73,4.32,spring,False,False,True,False,0.82,0.0
2024-10-01 23:01:42,64.37,35.63,6.76,0.71,63.87,4.76,spring,False,False,True,False,4.77,0.0
2024-10-01 23:31:42,57.35,36.19,6.76,0.53,62.89,4.26,spring,False,False,True,False,4.24,0.0
2024-10-02 00:01:42,71.4,36.18,6.68,0.5,62.08,7.33,spring,False,False,True,False,4.33,0.0
2024-10-02 00:31:42,61.02,36.17,6.82,0.54,62.02,2.01,spring,False,False,True,False,4.61,0.0
2024-10-02 01:01:42,60.99,38.33,6.92,0.67,61.77,3.81,spring,False,False,True,False,1.25,0.0
2024-10-02 01:31:42,58.59,37.55,6.82,0.78,61.46,9.73,spring,False,False,True,False,3.99,0.0
2024-10-02 02:01:42,63.14,37.64,6.92,0.76,60.9,2.25,spring,False,False,True,False,4.37,0.0
2024-10-02 02:31:42,57.67,39.06,6.97,0.89,59.97,8.72,spring,False,False,True,False,1.49,0.0
2024-10-02 03:01:42,63.54,39.04,7.05,0.92,59.76,2.88,spring,False,False,True,False,1.75,0.0
2024-10-02 03:31:42,52.05,39.86,7.02,0.93,59.09,6.35,spring,False,False,True,False,0.04,0.0
2024-10-02 04:01:42,49.5,39.27,6.89,0.78,58.12,29.23,spring,True,True,True,False,0.8,41.01
2024-10-02 04:31:42,58.61,38.34,6.97,0.75,57.3,2.44,spring,False,False,True,False,4.82,0.0
2024-10-02 05:01:42,55.38,39.61,7.05,0.75,57.24,0.25,spring,False,False,True,False,2.36,0.0
2024-10-02 05:31:42,64.11,39.44,7.02,0.82,57.02,0.66,spring,False,False,True,False,0.34,0.0
2024-10-02 06:01:42,58.41,40.0,6.85,0.7,56.78,3.34,spring,False,False,True,False,1.17,0.0
2024-10-02 06:31:42,65.04,40.0,6.74,0.7,56.08,9.64,spring,False,False,True,False,2.61,0.0
2024-10-02 07:01:42,54.42,40.0,6.74,0.77,55.89,1.67,spring,False,False,True,False,2.31,0.0
2024-10-02 07:31:42,56.99,40.0,6.76,0.71,55.32,5.02,spring,False,False,True,False,4.21,0.0
2024-10-02 08:01:42,53.32,40.0,6.89,0.82,54.77,9.31,spring,False,False,True,False,4.36,0.0
2024-10-02 08:31:42,61.1,40.0,6.81,0.79,54.65,8.26,spring,False,False,True,False,4.75,0.0
2024-10-02 09:01:42,65.06,39.78,6.69,0.77,53.98,8.62,spring,False,False,True,False,1.8,0.0
2024-10-02 09:31:42,56.2,40.0,6.73,0.8,53.96,5.59,spring,False,False,True,False,1.93,0.0
2024-10-02 10:01:42,70.42,40.0,6.6,0.67,53.54,7.94,spring,False,False,True,False,4.1,0.0
2024-10-02 10:31:42,57.92,38.9,6.58,0.67,53.27,1.27,spring,False,False,True,False,1.89,0.0
2024-10-02 11:01:42,49.91,40.0,6.35,0.97,52.41,35.83,spring,True,True,True,False,1.9,32.62
2024-10-02 11:31:42,54.67,39.56,6.46,0.9,51.85,1.39,spring,False,False,True,False,3.59,0.0
2024-10-02 12:01:42,57.32,38.83,6.56,0.96,51.34,8.7,spring,False,False,True,False,1.54,0.0
2024-10-02 12:31:42,57.32,39.22,6.56,0.88,51.0,7.63,spring,False,False,True,False,0.35,0.0
2024-10-02 13:01:42,56.01,40.0,6.58,0.9,50.28,9.14,spring,False,False,True,False,2.47,0.0
2024-10-02 13:31:42,60.39,39.24,6.5,0.9,49.58,3.59,spring,False,False,True,False,2.09,0.0
2024-10-02 14:01:42,56.69,39.12,6.47,0.97,49.08,1.15,spring,False,False,True,False,1.48,0.0
2024-10-02 14:31:42,64.17,40.0,6.56,0.95,48.62,2.48,spring,False,False,True,False,1.1,0.0
2024-10-02 15:01:42,51.41,39.51,6.57,0.94,48.26,4.88,spring,False,False,True,False,3.28,0.0
2024-10-02 15:31:42,64.8,39.06,6.49,0.87,47.75,2.12,spring,False,False,True,False,2.34,0.0
2024-10-02 16:01:42,68.92,38.95,6.38,0.77,47.63,5.1,spring,False,False,True,False,4.75,0.0
2024-10-02 16:31:42,65.06,39.84,6.3,0.67,46.75,0.85,spring,False,False,True,False,1.46,0.0
2024-10-02 17:01:42,61.0,38.97,6.4,0.87,46.24,2.71,spring,False,False,True,False,1.29,0.0
2024-10-02 17:31:42,64.64,38.96,6.36,0.82,46.22,6.75,spring,False,False,True,False,3.57,0.0
2024-10-02 18:01:42,59.01,39.69,6.31,0.77,45.61,8.01,spring,False,False,True,False,2.55,0.0
2024-10-02 18:31:42,67.61,39.58,6.2,0.86,44.8,5.03,spring,False,False,True,False,3.75,0.0
2024-10-02 19:01:42,54.63,40.0,6.1,0.94,43.82,9.19,spring,False,False,True,False,3.98,0.0
2024-10-02 19:31:42,50.14,40.0,6.03,1.05,43.56,1.33,spring,False,False,True,False,2.08,0.0
2024-10-02 20:01:42,60.56,40.0,5.89,1.16,43.44,6.43,spring,False,False,True,False,3.93,0.0
2024-10-02 20:31:42,56.25,40.0,6.01,1.25,42.94,0.39,spring,False,False,True,False,1.4,0.0
2024-10-02 21:01:42,62.37,40.0,5.93,1.16,42.93,8.99,spring,False,False,True,False,0.73,0.0
2024-10-02 21:31:42,62.51,40.0,5.93,1.01,42.17,0.74,spring,False,False,True,False,4.22,0.0
2024-10-02 22:01:42,56.21,40.0,5.99,1.05,42.0,5.93,spring,False,False,True,False,1.99,0.0
2024-10-02 22:31:42,64.98,38.67,6.05,1.05,41.44,4.61,spring,False,False,True,False,1.18,0.0
2024-10-02 23:01:42,59.77,38.56,5.99,1.01,40.97,6.41,spring,False,False,True,False,1.4,0.0
2024-10-02 23:31:42,51.29,37.43,5.91,1.16,40.38,7.57,spring,False,False,True,False,1.62,0.0
2024-10-03 00:01:42,63.15,37.3,5.95,1.11,39.6,1.27,spring,False,False,True,False,1.03,0.0
2024-10-03 00:31:42,56.56,38.15,6.07,1.4,38.99,0.74,spring,False,False,True,False,2.14,0.0
2024-10-03 01:01:42,59.43,37.25,6.0,1.43,38.26,1.11,spring,False,False,True,False,2.32,0.0
2024-10-03 01:31:42,65.26,38.23,5.94,1.57,38.11,3.22,spring,False,False,False,False,0.0,0.0
2024-10-03 02:01:42,56.82,38.11,6.09,1.62,38.09,6.73,spring,False,False,False,False,0.0,0.0
2024-10-03 02:31:42,66.54,37.94,6.02,1.54,37.23,7.32,spring,False,False,False,False,0.0,0.0
2024-10-03 03:01:42,58.49,38.55,5.79,1.53,37.14,5.15,spring,False,False,False,False,0.0,0.0
2024-10-03 03:31:42,63.11,40.0,5.73,1.59,36.93,3.35,spring,False,False,False,False,0.0,0.0
2024-10-03 04:01:42,66.76,39.35,5.54,1.64,36.63,8.47,spring,False,False,False,False,0.0,0.0
2024-10-03 04:31:42,62.29,39.76,5.25,1.69,35.67,5.41,spring,False,False,False,False,0.0,0.0
2024-10-03 05:01:42,69.35,39.69,5.45,1.67,35.16,7.31,spring,False,False,False,False,0.0,0.0
2024-10-03 05:31:42,65.44,39.1,5.4,1.9,34.97,1.62,spring,False,False,False,False,0.0,0.0
2024-10-03 06:01:42,57.74,39.73,5.58,1.9,34.82,2.95,spring,False,False,False,False,0.0,0.0
2024-10-03 06:31:42,57.39,40.0,5.62,2.02,34.49,1.25,spring,False,False,False,False,0.0,0.0
2024-10-03 07:01:42,65.57,40.0,5.67,1.91,33.66,6.54,spring,False,False,False,False,0.0,0.0
2024-10-03 07:31:42,59.05,40.0,5.55,1.82,32.9,5.63,spring,False,False,False,False,0.0,0.0
2024-10-03 08:01:42,66.66,39.2,5.58,1.85,31.9,7.03,spring,False,False,False,False,0.0,0.0
2024-10-03 08:31:42,66.09,38.7,5.56,1.79,31.78,0.45,spring,False,False,False,False,0.0,0.0
2024-10-03 09:01:42,58.73,40.0,5.48,1.78,31.52,0.27,spring,False,False,False,False,0.0,0.0
2024-10-03 09:31:42,57.66,39.69,5.59,1.99,31.04,0.12,spring,False,False,False,False,0.0,0.0
2024-10-03 10:01:42,60.27,38.49,5.64,2.01,30.78,9.26,spring,False,False,False,False,0.0,0.0
2024-10-03 10:31:42,54.95,37.65,5.6,1.89,30.64,3.73,spring,False,False,False,False,0.0,0.0
2024-10-03 11:01:42,65.46,37.48,5.63,2.05,29.78,3.78,spring,False,False,False,True,0.0,0.0
2024-10-03 11:31:42,68.5,35.26,5.42,2.02,29.11,1.3,spring,False,False,False,True,0.0,0.0
2024-10-03 12:01:42,67.45,35.07,5.38,2.19,29.09,0.92,spring,False,False,False,True,0.0,0.0
2024-10-03 12:31:42,54.99,35.04,5.47,2.24,28.63,9.52,spring,False,False,False,True,0.0,0.0
2024-10-03 13:01:42,70.08,36.25,5.71,2.35,28.24,9.27,spring,False,False,False,True,0.0,0.0
2024-10-03 13:31:42,65.86,36.22,5.85,2.32,27.89,6.04,spring,False,False,False,True,0.0,0.0
2024-10-03 14:01:42,67.71,36.72,5.71,2.27,27.87,9.55,spring,False,False,False,True,0.0,0.0
2024-10-03 14:31:42,61.03,37.12,5.74,2.31,27.26,9.77,spring,False,False,False,True,0.0,0.0
2024-10-03 15:01:42,69.93,37.82,5.67,2.32,26.52,6.53,spring,False,False,False,True,0.0,0.0
2024-10-03 15:31:42,61.75,38.68,5.74,2.26,25.6,0.52,spring,False,False,False,True,0.0,0.0
2024-10-03 16:01:42,54.6,38.78,5.74,2.37,24.72,0.94,spring,False,False,False,True,0.0,0.0
2024-10-03 16:31:42,61.04,39.14,5.82,2.39,24.15,1.55,spring,False,False,False,True,0.0,0.0
2024-10-03 17:01:42,70.52,38.84,5.74,2.31,23.65,2.71,spring,False,False,False,True,0.0,0.0
2024-10-03 17:31:42,69.67,37.94,5.8,2.32,23.4,6.28,spring,False,False,False,True,0.0,0.0
2024-10-03 18:01:42,62.46,38.08,5.75,2.43,22.71,3.7,spring,False,False,False,True,0.0,0.0
2024-10-03 18:31:42,54.3,38.69,5.49,2.37,21.72,0.48,spring,False,False,False,True,0.0,0.0
2024-10-03 19:01:42,56.73,37.65,5.43,2.3,21.38,5.11,spring,False,False,False,True,0.0,0.0
2024-10-03 19:31:42,64.18,38.85,5.49,2.29,20.62,3.5,spring,False,False,False,True,0.0,0.0
2024-10-03 20:01:42,51.82,38.38,5.49,2.26,20.32,8.27,spring,False,False,False,True,0.0,0.0
2024-10-03 20:31:42,60.32,37.34,5.44,2.18,20.16,8.1,spring,False,False,False,True,0.0,0.0
2024-10-03 21:01:42,72.08,36.41,5.48,2.25,100.0,0.46,spring,False,False,False,False,0.0,0.0
2024-10-03 21:31:42,60.67,37.08,5.53,2.31,99.28,0.12,spring,False,False,False,False,0.0,0.0
2024-10-03 22:01:42,60.56,37.49,5.5,2.31,98.82,5.63,spring,False,False,False,False,0.0,0.0
2024-10-03 22:31:42,53.69,36.74,5.55,2.26,98.61,0.53,spring,False,False,False,False,0.0,0.0
2024-10-03 23:01:42,65.42,36.31,5.53,2.21,97.78,2.59,spring,False,False,False,False,0.0,0.0
2024-10-03 23:31:42,55.89,36.29,5.45,2.2,97.02,4.76,spring,False,False,False,False,0.0,0.0
2024-10-04 00:01:42,63.41,37.29,5.43,2.28,96.43,5.07,spring,False,False,False,False,0.0,0.0
2024-10-04 00:31:42,61.08,37.74,5.47,2.23,96.25,0.18,spring,False,False,False,False,0.0,0.0
2024-10-04 01:01:42,58.68,37.46,5.36,2.34,95.65,5.22,spring,False,False,False,False,0.0,0.0
2024-10-04 01:31:42,54.7,37.0,5.13,2.49,94.89,6.13,spring,False,False,False,False,0.0,0.0
2024-10-04 02:01:42,65.94,36.46,5.16,2.32,94.77,9.77,spring,False,False,False,False,0.0,0.0
2024-10-04 02:31:42,66.26,37.28,5.26,2.3,94.47,8.53,spring,False,False,False,False,0.0,0.0
2024-10-04 03:01:42,64.23,37.38,5.24,2.31,93.69,1.4,spring,False,False,False,False,0.0,0.0
2024-10-04 03:31:42,48.68,37.67,5.15,2.44,93.26,15.92,spring,True,True,False,False,0.0,43.0
2024-10-04 04:01:42,57.03,38.72,5.0,2.54,92.67,4.53,spring,False,False,False,False,0.0,0.0
2024-10-04 04:31:42,57.38,39.9,5.0,2.6,92.33,9.4,spring,False,False,False,False,0.0,0.0
2024-10-04 05:01:42,60.64,40.0,5.0,2.77,91.5,3.16,spring,False,False,False,False,0.0,0.0
2024-10-04 05:31:42,63.73,40.0,5.19,2.75,91.37,5.46,spring,False,False,False,False,0.0,0.0
2024-10-04 06:01:42,64.7,39.18,5.12,2.95,90.93,4.0,spring,False,False,False,False,0.0,0.0
2024-10-04 06:31:42,69.22,39.53,5.07,2.96,90.72,7.36,spring,False,False,False,False,0.0,0.0
2024-10-04 07:01:42,61.42,40.0,5.0,3.0,89.95,4.75,spring,False,False,False,False,0.0,0.0
2024-10-04 07:31:42,59.14,38.8,5.0,3.0,89.04,0.76,spring,False,False,False,False,0.0,0.0
2024-10-04 08:01:42,59.39,39.94,5.05,2.91,88.78,5.81,spring,False,False,False,False,0.0,0.0
2024-10-04 08:31:42,65.51,38.26,5.02,3.0,88.33,4.0,spring,False,False,False,False,0.0,0.0
2024-10-04 09:01:42,57.07,38.52,5.1,2.88,88.07,6.49,spring,False,False,False,False,0.0,0.0
2024-10-04 09:31:42,59.67,36.55,5.12,2.83,87.89,7.06,spring,False,False,False,False,0.0,0.0
2024-10-04 10:01:42,74.56,33.25,5.19,2.88,86.89,2.05,spring,False,False,False,False,0.0,0.0
2024-10-04 10:31:42,63.56,35.19,5.13,2.99,86.03,8.71,spring,False,False,False,False,0.0,0.0
2024-10-04 11:01:42,68.39,33.45,5.28,2.94,85.88,7.1,spring,False,False,False,False,0.0,0.0
2024-10-04 11:31:42,74.26,33.42,5.34,2.67,85.75,1.61,spring,False,False,False,False,0.0,0.0
2024-10-04 12:01:42,65.65,34.79,5.44,2.68,85.05,4.49,spring,False,False,False,False,0.0,0.0
2024-10-04 12:31:42,70.01,33.43,5.53,2.63,84.16,7.99,spring,False,False,False,False,0.0,0.0
2024-10-04 13:01:42,64.68,32.84,5.64,2.63,83.86,2.15,spring,False,False,False,False,0.0,0.0
2024-10-04 13:31:42,67.79,33.49,5.76,2.63,83.16,8.86,spring,False,False,False,False,0.0,0.0
2024-10-04 14:01:42,68.81,32.5,5.82,2.59,82.42,2.47,spring,False,False,False,False,0.0,0.0
2024-10-04 14:31:42,65.56,34.93,5.93,2.37,81.64,0.63,spring,False,False,False,False,0.0,0.0
2024-10-04 15:01:42,59.11,34.73,5.89,2.46,81.54,3.33,spring,False,False,False,False,0.0,0.0
2024-10-04 15:31:42,70.09,33.65,5.82,2.54,80.79,9.02,spring,False,False,False,False,0.0,0.0
2024-10-04 16:01:42,71.93,33.38,5.84,2.4,79.91,0.92,spring,False,False,False,False,0.0,0.0
2024-10-04 16:31:42,62.98,33.3,5.98,2.38,79.3,3.52,spring,False,False,False,False,0.0,0.0
2024-10-04 17:01:42,59.91,32.27,5.98,2.23,78.81,5.34,spring,False,False,False,False,0.0,0.0
2024-10-04 17:31:42,76.68,31.24,5.97,2.18,77.9,4.97,spring,False,False,False,False,0.0,0.0
2024-10-04 18:01:42,71.32,30.66,6.01,2.31,77.12,0.83,spring,False,False,False,False,0.0,0.0
2024-10-04 18:31:42,71.51,30.07,5.89,2.37,77.11,0.2,spring,False,False,False,False,0.0,0.0
2024-10-04 19:01:42,72.71,29.86,5.86,2.33,76.92,0.54,spring,False,False,False,False,0.0,0.0
2024-10-04 19:31:42,69.92,29.56,5.84,2.49,76.84,2.84,spring,False,False,False,False,0.0,0.0
2024-10-04 20:01:42,71.6,30.66,5.81,2.57,75.88,3.16,spring,False,False,False,False,0.0,0.0
2024-10-04 20:31:42,62.25,29.86,6.02,2.79,75.85,5.67,spring,False,False,False,False,0.0,0.0
2024-10-04 21:01:42,72.61,29.93,5.81,2.86,75.6,1.98,spring,False,False,False,False,0.0,0.0
2024-10-04 21:31:42,66.68,29.73,5.73,2.71,74.79,2.02,spring,False,False,False,False,0.0,0.0
2024-10-04 22:01:42,71.81,29.8,5.66,2.86,73.94,8.42,spring,False,False,False,False,0.0,0.0
2024-10-04 22:31:42,68.46,30.41,5.72,2.6,73.47,4.78,spring,False,False,False,False,0.0,0.0
2024-10-04 23:01:42,59.71,30.77,5.8,2.6,73.18,8.68,spring,False,False,False,False,0.0,0.0
2024-10-04 23:31:42,69.1,32.28,5.84,2.44,72.9,8.27,spring,False,False,False,False,0.0,0.0
2024-10-05 00:01:42,64.03,32.75,6.0,2.48,72.73,9.48,spring,False,False,False,False,0.0,0.0
2024-10-05 00:31:42,64.83,33.08,6.13,2.42,72.13,3.98,spring,False,False,False,False,0.0,0.0
2024-10-05 01:01:42,67.54,31.94,6.05,2.56,71.2,7.67,spring,False,False,False,False,0.0,0.0
2024-10-05 01:31:42,76.06,32.18,5.9,2.56,70.8,3.06,spring,False,False,False,False,0.0,0.0
2024-10-05 02:01:42,61.97,33.5,5.93,2.35,70.66,6.5,spring,False,False,False,False,0.0,0.0
2024-10-05 02:31:42,64.66,33.31,5.92,2.52,70.4,3.5,spring,False,False,False,False,0.0,0.0
2024-10-05 03:01:42,62.2,35.12,6.1,2.6,69.71,7.66,spring,False,False,False,False,0.0,0.0
2024-10-05 03:31:42,67.42,35.12,6.03,2.56,69.46,8.87,spring,False,False,False,False,0.0,0.0
2024-10-05 04:01:42,77.98,33.55,5.97,2.49,69.06,8.72,spring,False,False,False,False,0.0,0.0
2024-10-05 04:31:42,61.47,32.82,5.94,2.55,68.74,9.24,spring,False,False,False,False,0.0,0.0
2024-10-05 05:01:42,65.64,31.07,5.82,2.41,68.71,8.27,spring,False,False,False,False,0.0,0.0
2024-10-05 05:31:42,58.68,31.51,5.9,2.41,68.24,9.86,spring,False,False,False,False,0.0,0.0
2024-10-05 06:01:42,70.72,31.65,5.99,2.37,68.06,2.11,spring,False,False,False,False,0.0,0.0
2024-10-05 06:31:42,54.28,32.62,6.22,2.39,67.2,5.73,spring,False,False,False,False,0.0,0.0
2024-10-05 07:01:42,65.44,31.17,6.16,2.37,66.47,1.79,spring,False,False,False,False,0.0,0.0
2024-10-05 07:31:42,72.31,30.75,6.34,2.4,66.27,3.1,spring,False,False,False,False,0.0,0.0
2024-10-05 08:01:42,66.5,31.93,6.34,2.25,65.45,2.48,spring,False,False,False,False,0.0,0.0
2024-10-05 08:31:42,66.49,31.38,6.1,2.11,64.89,7.97,spring,False,False,False,False,0.0,0.0
2024-10-05 09:01:42,60.53,30.16,6.19,2.32,64.36,5.51,spring,False,False,False,False,0.0,0.0
2024-10-05 09:31:42,67.17,29.58,6.23,2.31,63.39,6.86,spring,False,False,False,False,0.0,0.0
2024-10-05 10:01:42,71.54,28.93,6.07,2.29,63.13,0.99,spring,False,False,False,False,0.0,0.0
2024-10-05 10:31:42,66.56,30.08,6.19,2.43,62.52,0.93,spring,False,False,False,False,0.0,0.0
2024-10-05 11:01:42,77.76,30.32,6.23,2.49,62.14,7.87,spring,False,False,False,False,0.0,0.0
2024-10-05 11:31:42,65.81,30.22,6.21,2.51,61.34,1.22,spring,False,False,False,False,0.0,0.0
2024-10-05 12:01:42,68.69,29.07,6.2,2.58,60.65,3.85,spring,False,False,False,False,0.0,0.0
2024-10-05 12:31:42,78.87,28.97,6.28,2.43,60.25,8.11,spring,False,False,False,False,0.0,0.0
2024-10-05 13:01:42,70.62,27.93,6.27,2.35,60.0,9.68,spring,False,False,False,False,0.0,0.0
2024-10-05 13:31:42,76.27,28.15,6.35,2.44,59.08,7.8,spring,False,False,False,False,0.0,0.0
2024-10-05 14:01:42,64.54,28.25,6.32,2.38,58.48,4.82,spring,False,False,False,False,0.0,0.0
2024-10-05 14:31:42,70.63,27.32,6.34,2.35,57.59,4.24,spring,False,False,False,False,0.0,0.0
2024-10-05 15:01:42,73.22,27.47,6.36,2.36,57.54,2.16,spring,False,False,False,False,0.0,0.0
2024-10-05 15:31:42,68.0,28.79,6.24,2.44,57.33,2.09,spring,False,False,False,False,0.0,0.0
2024-10-05 16:01:42,70.33,29.94,6.17,2.38,56.61,8.98,spring,False,False,False,False,0.0,0.0
2024-10-05 16:31:42,77.89,30.22,6.22,2.44,56.01,4.19,spring,False,False,False,False,0.0,0.0
2024-10-05 17:01:42,73.34,29.89,6.16,2.44,55.55,3.48,spring,False,False,False,False,0.0,0.0
2024-10-05 17:31:42,74.62,29.01,6.2,2.43,54.87,9.32,spring,False,False,False,False,0.0,0.0
2024-10-05 18:01:42,72.24,29.52,6.19,2.38,54.05,3.31,spring,False,False,False,False,0.0,0.0
2024-10-05 18:31:42,71.36,28.37,6.3,2.47,53.63,7.17,spring,False,False,False,False,0.0,0.0
2024-10-05 19:01:42,78.54,27.3,6.19,2.62,52.93,0.52,spring,False,False,False,False,0.0,0.0
2024-10-05 19:31:42,80.0,28.1,6.24,2.64,52.3,6.18,spring,False,False,False,False,0.0,0.0
2024-10-05 20:01:42,70.66,27.97,6.34,2.71,51.63,2.4,spring,False,False,False,False,0.0,0.0
2024-10-05 20:31:42,71.0,25.72,6.47,2.75,51.26,9.62,spring,False,False,False,False,0.0,0.0
2024-10-05 21:01:42,69.66,27.13,6.53,2.81,50.86,1.76,spring,False,False,False,False,0.0,0.0
2024-10-05 21:31:42,70.05,27.11,6.48,2.76,50.24,7.9,spring,False,False,False,False,0.0,0.0
2024-10-05 22:01:42,77.65,28.11,6.45,2.74,49.64,5.66,spring,False,False,False,False,0.0,0.0
2024-10-05 22:31:42,78.16,28.36,6.47,2.7,48.94,3.04,spring,False,False,False,False,0.0,0.0
2024-10-05 23:01:42,75.88,27.62,6.39,2.68,48.75,2.61,spring,False,False,False,False,0.0,0.0
2024-10-05 23:31:42,69.7,27.73,6.39,2.52,48.5,1.92,spring,False,False,False,False,0.0,0.0
2024-10-06 00:01:42,75.2,28.54,6.34,2.52,48.42,8.92,spring,False,False,False,False,0.0,0.0
2024-10-06 00:31:42,68.83,29.7,6.37,2.47,48.39,7.51,spring,False,False,False,False,0.0,0.0
2024-10-06 01:01:42,75.38,30.69,6.26,2.55,48.0,3.84,spring,False,False,False,False,0.0,0.0
2024-10-06 01:31:42,75.15,30.02,6.15,2.61,47.5,5.37,spring,False,False,False,False,0.0,0.0
2024-10-06 02:01:42,59.23,29.91,6.03,2.69,47.1,1.94,spring,False,False,False,False,0.0,0.0
2024-10-06 02:31:42,75.13,30.05,5.93,2.44,46.32,8.37,spring,False,False,False,False,0.0,0.0
2024-10-06 03:01:42,63.84,29.67,6.08,2.53,45.99,9.48,spring,False,False,False,False,0.0,0.0
2024-10-06 03:31:42,70.42,29.55,6.06,2.44,45.4,2.64,spring,False,False,False,False,0.0,0.0
2024-10-06 04:01:42,70.0,28.6,5.84,2.43,45.17,5.34,spring,False,False,False,False,0.0,0.0
2024-10-06 04:31:42,69.85,27.01,5.91,2.29,44.54,5.33,spring,False,False,False,False,0.0,0.0
2024-10-06 05:01:42,66.52,27.67,5.74,2.29,44.43,1.64,spring,False,False,False,False,0.0,0.0
2024-10-06 05:31:42,78.64,27.18,5.8,2.23,43.59,1.84,spring,False,False,False,False,0.0,0.0
2024-10-06 06:01:42,80.0,25.48,5.69,2.02,43.58,6.12,spring,False,False,False,False,0.0,0.0
2024-10-06 06:31:42,70.74,25.95,5.68,2.11,42.64,5.94,spring,False,False,False,False,0.0,0.0
2024-10-06 07:01:42,78.02,25.59,5.71,2.09,42.35,7.92,spring,False,False,False,False,0.0,0.0
2024-10-06 07:31:42,71.76,24.7,5.7,2.17,41.48,0.27,spring,False,False,False,False,0.0,0.0
2024-10-06 08:01:42,69.53,24.27,5.54,2.12,41.19,5.03,spring,False,False,False,False,0.0,0.0
2024-10-06 08:31:42,69.64,25.1,5.59,2.1,41.16,2.07,spring,False,False,False,False,0.0,0.0
2024-10-06 09:01:42,70.6,24.72,5.5,2.04,40.52,7.33,spring,False,False,False,False,0.0,0.0
2024-10-06 09:31:42,72.04,23.67,5.55,2.08,39.8,2.24,spring,False,False,False,False,0.0,0.0
2024-10-06 10:01:42,75.85,22.32,5.62,1.94,38.92,0.01,spring,False,False,False,False,0.0,0.0
2024-10-06 10:31:42,79.41,20.08,5.52,1.79,38.01,7.12,spring,False,False,False,False,0.0,0.0
2024-10-06 11:01:42,80.0,19.75,5.32,1.96,37.49,2.33,spring,False,False,False,False,0.0,0.0
2024-10-06 11:31:42,73.55,20.0,5.34,1.81,36.85,8.96,spring,False,False,False,False,0.0,0.0
2024-10-06 12:01:42,80.0,20.78,5.36,1.56,36.55,8.63,spring,False,False,False,False,0.0,0.0
2024-10-06 12:31:42,80.0,21.95,5.21,1.47,36.37,7.76,spring,False,False,True,False,1.79,0.0
2024-10-06 13:01:42,74.27,20.86,5.22,1.42,35.41,5.66,spring,False,False,True,False,3.07,0.0
2024-10-06 13:31:42,80.0,20.74,5.33,1.41,34.53,9.33,spring,False,False,True,False,0.78,0.0
2024-10-06 14:01:42,76.99,19.82,5.05,1.66,34.26,7.13,spring,False,False,False,False,0.0,0.0
2024-10-06 14:31:42,80.0,19.89,5.11,1.57,33.6,6.94,spring,False,False,False,False,0.0,0.0
2024-10-06 15:01:42,77.95,18.57,5.21,1.63,33.49,4.0,spring,False,False,False,False,0.0,0.0
2024-10-06 15:31:42,80.0,19.65,5.16,1.73,33.46,8.93,spring,False,False,False,False,0.0,0.0
2024-10-06 16:01:42,80.0,20.81,5.19,1.72,33.32,1.51,spring,False,False,False,False,0.0,0.0
2024-10-06 16:31:42,78.45,18.89,5.41,1.76,32.71,7.3,spring,False,False,False,False,0.0,0.0
2024-10-06 17:01:42,77.59,18.64,5.46,1.73,32.55,7.44,spring,False,False,False,False,0.0,0.0
2024-10-06 17:31:42,80.0,20.21,5.26,1.61,32.35,1.85,spring,False,False,False,False,0.0,0.0
2024-10-06 18:01:42,77.36,22.44,5.41,1.63,32.28,6.93,spring,False,False,False,False,0.0,0.0
2024-10-06 18:31:42,75.65,21.5,5.44,1.48,31.53,2.36,spring,False,False,True,False,4.34,0.0
2024-10-06 19:01:42,80.0,21.28,5.53,1.3,30.7,5.64,spring,False,False,True,False,0.85,0.0
2024-10-06 19:31:42,80.0,20.95,5.67,1.47,30.0,5.52,spring,False,False,True,True,3.9,0.0
2024-10-06 20:01:42,72.19,21.1,5.64,1.49,29.02,3.37,spring,False,False,True,True,0.15,0.0
2024-10-06 20:31:42,78.86,19.38,5.5,1.39,28.79,2.5,spring,False,False,True,True,1.33,0.0
2024-10-06 21:01:42,73.84,19.42,5.7,1.42,28.63,0.51,spring,False,False,True,True,4.12,0.0
2024-10-06 21:31:42,78.98,19.16,5.79,1.39,27.71,3.95,spring,False,False,True,True,0.8,0.0
2024-10-06 22:01:42,75.17,18.71,5.9,1.38,27.59,8.95,spring,False,False,True,True,4.88,0.0
2024-10-06 22:31:42,80.0,17.45,6.02,1.57,27.46,2.04,spring,False,False,False,True,0.0,0.0
2024-10-06 23:01:42,75.13,16.81,5.84,1.55,26.47,7.58,spring,False,False,False,True,0.0,0.0
2024-10-06 23:31:42,77.27,18.02,5.82,1.73,26.16,6.34,spring,False,False,False,True,0.0,0.0
2024-10-07 00:01:42,80.0,19.23,5.78,1.77,25.87,2.49,spring,False,False,False,True,0.0,0.0
2024-10-07 00:31:42,80.0,17.83,5.85,1.98,25.29,1.25,spring,False,False,False,True,0.0,0.0
2024-10-07 01:01:42,80.0,16.84,5.86,1.98,24.5,6.7,spring,False,False,False,True,0.0,0.0
2024-10-07 01:31:42,80.0,16.27,5.82,1.91,24.17,0.76,spring,False,False,False,True,0.0,0.0
2024-10-07 02:01:42,80.0,16.18,5.67,1.8,23.77,1.37,spring,False,False,False,True,0.0,0.0
2024-10-07 02:31:42,80.0,17.38,5.68,1.79,22.88,2.91,spring,False,False,False,True,0.0,0.0
2024-10-07 03:01:42,69.67,17.5,5.82,1.68,22.87,4.05,spring,False,False,False,True,0.0,0.0
2024-10-07 03:31:42,80.0,17.99,5.77,1.61,22.47,3.04,spring,False,False,False,True,0.0,0.0
2024-10-07 04:01:42,80.0,18.99,5.83,1.72,21.52,2.3,spring,False,False,False,True,0.0,0.0
2024-10-07 04:31:42,80.0,18.1,5.9,1.62,21.32,8.56,spring,False,False,False,True,0.0,0.0
2024-10-07 05:01:42,80.0,19.79,5.99,1.52,20.34,1.26,spring,False,False,False,True,0.0,0.0
2024-10-07 05:31:42,80.0,21.3,5.95,1.6,100.0,2.03,spring,False,False,False,False,0.0,0.0
2024-10-07 06:01:42,76.89,21.95,5.92,1.48,99.38,4.58,spring,False,False,True,False,0.05,0.0
2024-10-07 06:31:42,74.5,21.83,6.06,1.46,98.88,1.92,spring,False,False,True,False,1.03,0.0
2024-10-07 07:01:42,80.0,22.42,6.07,1.45,98.88,8.02,spring,False,False,True,False,0.74,0.0
2024-10-07 07:31:42,80.0,22.73,6.04,1.55,98.34,1.93,spring,False,False,False,False,0.0,0.0
2024-10-07 08:01:42,77.1,21.73,6.08,1.46,98.33,7.6,spring,False,False,True,False,1.9,0.0
2024-10-07 08:31:42,78.94,21.6,6.11,1.53,97.57,8.62,spring,False,False,False,False,0.0,0.0
2024-10-07 09:01:42,73.09,22.02,6.12,1.56,96.75,3.79,spring,False,False,False,False,0.0,0.0
2024-10-07 09:31:42,74.86,22.38,6.16,1.66,96.5,8.82,spring,False,False,False,False,0.0,0.0
2024-10-07 10:01:42,74.48,21.9,6.22,1.55,95.79,9.99,spring,False,False,False,False,0.0,0.0
2024-10-07 10:31:42,70.58,22.1,6.05,1.51,94.91,1.5,spring,False,False,False,False,0.0,0.0
2024-10-07 11:01:42,80.0,22.66,5.92,1.6,94.82,1.52,spring,False,False,False,False,0.0,0.0
2024-10-07 11:31:42,80.0,22.12,5.99,1.64,93.9,5.94,spring,False,False,False,False,0.0,0.0
2024-10-07 12:01:42,80.0,20.19,5.87,1.91,93.07,8.61,spring,False,False,False,False,0.0,0.0
2024-10-07 12:31:42,72.8,21.13,5.86,1.75,93.02,9.78,spring,False,False,False,False,0.0,0.0
2024-10-07 13:01:42,78.37,20.67,5.79,1.92,92.39,6.79,spring,False,False,False,False,0.0,0.0
2024-10-07 13:31:42,75.9,20.41,5.67,1.92,92.33,8.34,spring,False,False,False,False,0.0,0.0
2024-10-07 14:01:42,80.0,20.31,5.67,1.9,92.21,9.93,spring,False,False,False,False,0.0,0.0
2024-10-07 14:31:42,79.47,20.02,5.76,1.9,91.85,9.44,spring,False,False,False,False,0.0,0.0
2024-10-07 15:01:42,78.66,20.83,5.75,1.89,91.42,0.03,spring,False,False,False,False,0.0,0.0
2024-10-07 15:31:42,77.65,21.66,5.74,1.94,91.05,1.52,spring,False,False,False,False,0.0,0.0
2024-10-07 16:01:42,80.0,21.45,5.85,1.92,90.65,6.39,spring,False,False,False,False,0.0,0.0
2024-10-07 16:31:42,78.38,22.5,5.91,2.05,90.2,7.32,spring,False,False,False,False,0.0,0.0
2024-10-07 17:01:42,75.84,23.29,5.86,2.04,89.29,0.38,spring,False,False,False,False,0.0,0.0
2024-10-07 17:31:42,79.86,21.49,5.93,1.92,89.06,8.84,spring,False,False,False,False,0.0,0.0
2024-10-07 18:01:42,71.58,21.61,5.89,1.95,88.34,9.27,spring,False,False,False,False,0.0,0.0
2024-10-07 18:31:42,80.0,21.11,5.73,2.0,87.62,7.69,spring,False,False,False,False,0.0,0.0
2024-10-07 19:01:42,77.38,21.91,5.77,2.05,87.37,0.12,spring,False,False,False,False,0.0,0.0
2024-10-07 19:31:42,77.44,22.47,5.72,2.09,86.84,1.86,spring,False,False,False,False,0.0,0.0
2024-10-07 20:01:42,66.07,23.69,5.82,2.07,86.31,3.59,spring,False,False,False,False,0.0,0.0
2024-10-07 20:31:42,78.23,23.36,5.81,2.04,86.09,9.63,spring,False,False,False,False,0.0,0.0
2024-10-07 21:01:42,80.0,22.32,5.88,2.01,85.72,3.46,spring,False,False,False,False,0.0,0.0
2024-10-07 21:31:42,71.39,23.88,5.88,1.95,85.63,3.81,spring,False,False,False,False,0.0,0.0
2024-10-07 22:01:42,80.0,24.29,6.0,1.79,85.51,6.11,spring,False,False,False,False,0.0,0.0
2024-10-07 22:31:42,78.19,25.1,5.91,1.82,85.18,5.1,spring,False,False,False,False,0.0,0.0
2024-10-07 23:01:42,72.52,25.88,5.84,1.76,84.87,3.26,spring,False,False,False,False,0.0,0.0
2024-10-07 23:31:42,73.75,25.94,5.81,1.7,84.38,8.29,spring,False,False,False,False,0.0,0.0
2024-10-08 00:01:42,68.59,24.37,5.99,1.75,84.35,1.27,spring,False,False,False,False,0.0,0.0
2024-10-08 00:31:42,68.11,25.11,6.05,1.77,83.82,3.3,spring,False,False,False,False,0.0,0.0
2024-10-08 01:01:42,75.81,25.5,6.12,1.87,83.51,2.35,spring,False,False,False,False,0.0,0.0
2024-10-08 01:31:42,66.59,28.29,6.07,1.8,83.35,1.59,spring,False,False,False,False,0.0,0.0
2024-10-08 02:01:42,66.18,26.56,6.03,1.68,82.71,5.99,spring,False,False,False,False,0.0,0.0
2024-10-08 02:31:42,71.85,27.09,5.97,1.59,81.77,9.05,spring,False,False,False,False,0.0,0.0
2024-10-08 03:01:42,73.71,26.7,6.05,1.68,81.09,6.29,spring,False,False,False,False,0.0,0.0
2024-10-08 03:31:42,70.55,26.02,5.88,1.87,80.93,2.2,spring,False,False,False,False,0.0,0.0
2024-10-08 04:01:42,75.54,27.37,6.03,1.62,80.65,9.69,spring,False,False,False,False,0.0,0.0
2024-10-08 04:31:42,67.71,28.16,6.07,1.44,80.27,5.65,spring,False,False,True,False,0.49,0.0
2024-10-08 05:01:42,63.93,26.79,6.01,1.45,80.01,7.81,spring,False,False,True,False,4.99,0.0
2024-10-08 05:31:42,68.76,27.85,5.93,1.38,79.23,8.89,spring,False,False,True,False,1.32,0.0
2024-10-08 06:01:42,72.72,28.31,6.03,1.45,78.85,4.02,spring,False,False,True,False,1.12,0.0
2024-10-08 06:31:42,70.14,29.1,6.05,1.59,78.29,8.78,spring,False,False,False,False,0.0,0.0
2024-10-08 07:01:42,72.41,29.89,6.08,1.59,77.58,5.51,spring,False,False,False,False,0.0,0.0
2024-10-08 07:31:42,72.43,31.03,6.1,1.41,77.07,4.84,spring,False,False,True,False,3.63,0.0
2024-10-08 08:01:42,75.69,30.76,6.09,1.37,76.17,9.28,spring,False,False,True,False,3.65,0.0
2024-10-08 08:31:42,73.1,31.85,6.14,1.28,75.57,0.76,spring,False,False,True,False,4.46,0.0
2024-10-08 09:01:42,72.6,31.65,6.27,1.22,75.38,7.15,spring,False,False,True,False,3.16,0.0
2024-10-08 09:31:42,66.32,31.85,6.3,1.22,74.67,5.41,spring,False,False,True,False,2.28,0.0
2024-10-08 10:01:42,75.42,31.24,6.15,1.27,73.94,5.62,spring,False,False,True,False,2.17,0.0
2024-10-08 10:31:42,68.37,30.59,6.21,1.11,72.98,8.05,spring,False,False,True,False,1.29,0.0
2024-10-08 11:01:42,70.37,30.17,6.47,1.16,72.43,2.74,spring,False,False,True,False,4.14,0.0
2024-10-08 11:31:42,72.79,29.18,6.57,1.09,71.86,3.52,spring,False,False,True,False,3.71,0.0
2024-10-08 12:01:42,71.58,28.33,6.44,0.91,70.94,0.83,spring,False,False,True,False,2.05,0.0
2024-10-08 12:31:42,69.44,29.64,6.38,0.86,70.68,0.29,spring,False,False,True,False,4.68,0.0
2024-10-08 13:01:42,66.65,30.3,6.42,0.85,69.86,3.48,spring,False,False,True,False,3.39,0.0
2024-10-08 13:31:42,77.82,29.35,6.36,1.03,68.89,4.69,spring,False,False,True,False,3.6,0.0
2024-10-08 14:01:42,75.36,29.17,6.24,0.89,68.83,4.14,spring,False,False,True,False,3.73,0.0
2024-10-08 14:31:42,69.69,30.27,6.27,0.86,68.79,0.04,spring,False,False,True,False,3.35,0.0
2024-10-08 15:01:42,64.51,32.14,6.34,0.76,68.78,5.7,spring,False,False,True,False,2.98,0.0
2024-10-08 15:31:42,61.18,33.69,6.31,0.68,67.94,7.28,spring,False,False,True,False,2.27,0.0
2024-10-08 16:01:42,67.19,34.51,6.21,0.65,67.17,7.79,spring,False,False,True,False,3.05,0.0
2024-10-08 16:31:42,60.5,35.07,6.34,0.68,66.87,0.05,spring,False,False,True,False,4.59,0.0
2024-10-08 17:01:42,70.4,34.39,6.26,0.65,66.0,9.69,spring,False,False,True,False,4.66,0.0
2024-10-08 17:31:42,65.36,34.88,6.14,0.58,65.98,9.48,spring,False,False,True,False,4.05,0.0
2024-10-08 18:01:42,68.88,34.34,5.96,0.5,65.43,4.41,spring,False,False,True,False,3.15,0.0
2024-10-08 18:31:42,64.86,33.41,5.88,0.5,65.36,6.88,spring,False,False,True,False,1.71,0.0
2024-10-08 19:01:42,68.66,32.89,5.87,0.5,65.31,4.29,spring,False,False,True,False,2.03,0.0
2024-10-08 19:31:42,68.47,32.46,5.97,0.58,64.62,7.02,spring,False,False,True,False,4.97,0.0
2024-10-08 20:01:42,71.55,33.71,6.0,0.75,64.31,4.05,spring,False,False,True,False,2.53,0.0
2024-10-08 20:31:42,65.59,32.23,5.92,0.8,64.03,6.45,spring,False,False,True,False,0.73,0.0
2024-10-08 21:01:42,64.11,30.3,5.91,0.97,63.78,1.88,spring,False,False,True,False,3.14,0.0
2024-10-08 21:31:42,63.03,30.16,6.03,0.85,62.92,1.52,spring,False,False,True,False,4.43,0.0
2024-10-08 22:01:42,71.15,28.84,6.03,0.72,62.37,5.93,spring,False,False,True,False,0.57,0.0
2024-10-08 22:31:42,71.71,27.24,5.96,0.77,61.73,4.83,spring,False,False,True,False,2.78,0.0
2024-10-08 23:01:42,73.73,27.27,5.82,0.84,60.73,5.64,spring,False,False,True,False,4.28,0.0
2024-10-08 23:31:42,59.05,28.75,5.96,1.1,60.37,3.95,spring,False,False,True,False,3.01,0.0
2024-10-09 00:01:42,70.51,27.96,6.03,1.1,59.75,3.89,spring,False,False,True,False,0.61,0.0
2024-10-09 00:31:42,72.46,27.13,5.97,1.15,59.03,7.37,spring,False,False,True,False,3.12,0.0
2024-10-09 01:01:42,72.9,27.99,5.75,1.31,58.48,4.76,spring,False,False,True,False,3.9,0.0
2024-10-09 01:31:42,80.0,27.27,5.8,0.98,57.57,7.28,spring,False,False,True,False,1.02,0.0
2024-10-09 02:01:42,70.52,26.98,5.73,1.07,56.83,8.22,spring,False,False,True,False,4.66,0.0
2024-10-09 02:31:42,66.3,28.72,5.73,1.18,56.02,3.46,spring,False,False,True,False,1.44,0.0
2024-10-09 03:01:42,74.11,28.48,5.73,1.32,55.59,7.84,spring,False,False,True,False,3.97,0.0
2024-10-09 03:31:42,60.86,30.59,5.61,1.35,54.62,2.14,spring,False,False,True,False,3.82,0.0
2024-10-09 04:01:42,63.09,29.87,5.58,1.23,54.51,3.76,spring,False,False,True,False,2.07,0.0
2024-10-09 04:31:42,66.03,29.19,5.51,1.06,54.43,3.06,spring,False,False,True,False,2.13,0.0
2024-10-09 05:01:42,75.37,28.84,5.47,1.0,53.61,8.57,spring,False,False,True,False,2.3,0.0
2024-10-09 05:31:42,71.37,29.24,5.55,1.1,52.82,8.75,spring,False,False,True,False,4.99,0.0
2024-10-09 06:01:42,68.58,30.61,5.48,0.94,52.1,6.61,spring,False,False,True,False,3.79,0.0
2024-10-09 06:31:42,74.15,30.58,5.29,0.99,51.92,4.39,spring,False,False,True,False,2.12,0.0
2024-10-09 07:01:42,61.89,31.43,5.46,1.07,51.71,5.45,spring,False,False,True,False,3.93,0.0
2024-10-09 07:31:42,72.41,29.64,5.35,1.08,51.58,0.42,spring,False,False,True,False,4.71,0.0
2024-10-09 08:01:42,69.33,29.12,5.38,0.88,50.59,0.21,spring,False,False,True,False,2.58,0.0
2024-10-09 08:31:42,75.97,29.45,5.41,0.79,50.11,5.69,spring,False,False,True,False,5.0,0.0
2024-10-09 09:01:42,68.89,29.19,5.37,1.0,50.02,6.23,spring,False,False,True,False,0.79,0.0
2024-10-09 09:31:42,74.34,28.76,5.24,0.75,49.52,9.32,spring,False,False,True,False,2.48,0.0
2024-10-09 10:01:42,74.87,28.51,5.22,0.78,49.33,4.53,spring,False,False,True,False,3.41,0.0
2024-10-09 10:31:42,71.36,28.92,5.0,0.69,48.53,8.89,spring,False,False,True,False,1.98,0.0
2024-10-09 11:01:42,73.63,28.03,5.0,0.75,47.61,5.75,spring,False,False,True,False,0.19,0.0
2024-10-09 11:31:42,74.21,27.75,5.01,0.67,47.6,6.47,spring,False,False,True,False,3.67,0.0
2024-10-09 12:01:42,75.29,27.28,5.0,0.67,47.11,3.9,spring,False,False,True,False,4.28,0.0
2024-10-09 12:31:42,70.75,30.08,5.12,0.68,46.52,1.67,spring,False,False,True,False,3.63,0.0
2024-10-09 13:01:42,60.61,29.59,5.03,0.5,46.28,2.22,spring,False,False,True,False,1.41,0.0
2024-10-09 13:31:42,70.21,28.38,5.0,0.5,45.79,5.79,spring,False,False,True,False,0.58,0.0
2024-10-09 14:01:42,69.13,28.11,5.15,0.5,45.54,8.81,spring,False,False,True,False,0.27,0.0
2024-10-09 14:31:42,75.88,28.31,5.15,0.73,45.48,6.54,spring,False,False,True,False,0.78,0.0
2024-10-09 15:01:42,68.42,29.91,5.36,0.73,45.43,3.13,spring,False,False,True,False,0.49,0.0
2024-10-09 15:31:42,70.3,30.77,5.51,0.88,44.82,5.51,spring,False,False,True,False,0.77,0.0
2024-10-09 16:01:42,66.04,30.0,5.45,0.92,44.67,1.26,spring,False,False,True,False,0.46,0.0
2024-10-09 16:31:42,65.3,30.27,5.41,0.96,44.29,1.21,spring,False,False,True,False,4.23,0.0
2024-10-09 17:01:42,75.02,31.3,5.39,1.14,44.16,2.6,spring,False,False,True,False,3.76,0.0
2024-10-09 17:31:42,71.46,31.47,5.41,1.22,43.37,7.64,spring,False,False,True,False,3.14,0.0
2024-10-09 18:01:42,70.54,33.89,5.39,1.36,42.46,8.21,spring,False,False,True,False,3.58,0.0
2024-10-09 18:31:42,63.57,34.6,5.42,1.31,41.8,7.04,spring,False,False,True,False,0.64,0.0
2024-10-09 19:01:42,66.92,34.49,5.48,1.4,41.63,3.39,spring,False,False,True,False,4.92,0.0
2024-10-09 19:31:42,61.3,34.23,5.61,1.58,40.7,4.46,spring,False,False,False,False,0.0,0.0
2024-10-09 20:01:42,63.59,33.83,5.39,1.63,39.79,4.06,spring,False,False,False,False,0.0,0.0
2024-10-09 20:31:42,65.33,31.77,5.42,1.65,39.08,5.98,spring,False,False,False,False,0.0,0.0
2024-10-09 21:01:42,71.53,32.16,5.48,1.64,38.44,9.77,spring,False,False,False,False,0.0,0.0
2024-10-09 21:31:42,63.1,32.77,5.55,1.63,38.23,3.94,spring,False,False,False,False,0.0,0.0
2024-10-09 22:01:42,64.99,31.73,5.74,1.76,38.22,4.71,spring,False,False,False,False,0.0,0.0
2024-10-09 22:31:42,72.42,31.37,5.8,1.8,37.34,8.0,spring,False,False,False,False,0.0,0.0
2024-10-09 23:01:42,69.76,31.15,5.73,1.93,36.48,8.19,spring,False,False,False,False,0.0,0.0
2024-10-09 23:31:42,69.94,30.25,5.83,2.13,36.43,0.5,spring,False,False,False,False,0.0,0.0
2024-10-10 00:01:42,74.56,30.96,5.67,2.21,35.51,7.59,spring,False,False,False,False,0.0,0.0
2024-10-10 00:31:42,63.99,30.07,5.75,2.29,34.6,2.46,spring,False,False,False,False,0.0,0.0
2024-10-10 01:01:42,72.36,30.02,5.53,2.45,34.37,0.71,spring,False,False,False,False,0.0,0.0
2024-10-10 01:31:42,71.77,30.89,5.61,2.42,33.47,8.36,spring,False,False,False,False,0.0,0.0
2024-10-10 02:01:42,64.18,31.83,5.47,2.38,33.05,9.68,spring,False,False,False,False,0.0,0.0
2024-10-10 02:31:42,68.37,32.04,5.31,2.27,33.04,1.19,spring,False,False,False,False,0.0,0.0
2024-10-10 03:01:42,65.04,32.35,5.46,2.32,32.98,4.82,spring,False,False,False,False,0.0,0.0
2024-10-10 03:31:42,70.81,33.54,5.28,2.23,32.05,6.45,spring,False,False,False,False,0.0,0.0
2024-10-10 04:01:42,62.54,34.18,5.41,2.42,31.87,8.27,spring,False,False,False,False,0.0,0.0
2024-10-10 04:31:42,66.92,33.19,5.32,2.33,31.67,4.46,spring,False,False,False,False,0.0,0.0
2024-10-10 05:01:42,66.06,33.13,5.44,2.39,31.43,3.46,spring,False,False,False,False,0.0,0.0
2024-10-10 05:31:42,57.4,32.97,5.24,2.32,31.02,6.19,spring,False,False,False,False,0.0,0.0
2024-10-10 06:01:42,71.51,33.13,5.24,2.32,30.92,3.34,spring,False,False,False,False,0.0,0.0
2024-10-10 06:31:42,65.16,32.72,5.21,2.34,30.77,6.88,spring,False,False,False,False,0.0,0.0
2024-10-10 07:01:42,73.72,32.02,5.26,2.38,30.45,0.01,spring,False,False,False,False,0.0,0.0
2024-10-10 07:31:42,61.12,31.44,5.31,2.52,30.38,7.29,spring,False,False,False,False,0.0,0.0
2024-10-10 08:01:42,75.6,31.03,5.28,2.71,29.5,0.51,spring,False,False,False,True,0.0,0.0
2024-10-10 08:31:42,71.68,31.17,5.29,2.76,28.71,3.86,spring,False,False,False,True,0.0,0.0
2024-10-10 09:01:42,71.69,33.58,5.43,2.79,28.3,0.41,spring,False,False,False,True,0.0,0.0
2024-10-10 09:31:42,59.57,33.48,5.4,2.93,27.68,2.2,spring,False,False,False,True,0.0,0.0
2024-10-10 10:01:42,69.71,33.77,5.36,2.93,27.38,6.25,spring,False,False,False,True,0.0,0.0
2024-10-10 10:31:42,70.71,34.4,5.21,2.87,27.35,4.38,spring,False,False,False,True,0.0,0.0
2024-10-10 11:01:42,68.21,34.73,5.37,3.0,27.3,7.74,spring,False,False,False,True,0.0,0.0
2024-10-10 11:31:42,61.53,34.36,5.34,3.0,26.59,7.77,spring,False,False,False,True,0.0,0.0
2024-10-10 12:01:42,73.47,31.5,5.34,2.89,25.99,8.75,spring,False,False,False,True,0.0,0.0
2024-10-10 12:31:42,62.72,31.65,5.29,2.91,25.66,4.75,spring,False,False,False,True,0.0,0.0
2024-10-10 13:01:42,71.71,30.78,5.26,3.0,24.84,5.25,spring,False,False,False,True,0.0,0.0
2024-10-10 13:31:42,69.97,28.96,5.43,3.0,23.99,3.61,spring,False,False,False,True,0.0,0.0
2024-10-10 14:01:42,72.38,30.19,5.48,2.96,23.61,7.93,spring,False,False,False,True,0.0,0.0
2024-10-10 14:31:42,76.35,29.58,5.53,2.86,23.25,2.03,spring,False,False,False,True,0.0,0.0
2024-10-10 15:01:42,74.14,30.35,5.83,2.86,23.22,5.25,spring,False,False,False,True,0.0,0.0
2024-10-10 15:31:42,70.52,31.2,5.73,2.68,22.79,4.67,spring,False,False,False,True,0.0,0.0
2024-10-10 16:01:42,65.2,32.47,5.69,2.62,22.43,0.35,spring,False,False,False,True,0.0,0.0
2024-10-10 16:31:42,68.8,31.42,5.65,2.72,22.08,2.38,spring,False,False,False,True,0.0,0.0
2024-10-10 17:01:42,53.42,30.86,5.74,2.9,21.64,6.4,spring,False,False,False,True,0.0,0.0
2024-10-10 17:31:42,75.24,29.66,5.67,2.75,20.86,3.66,spring,False,False,False,True,0.0,0.0
2024-10-10 18:01:42,67.49,29.41,5.69,2.74,100.0,2.37,spring,False,False,False,False,0.0,0.0
2024-10-10 18:31:42,62.53,29.02,5.65,2.68,99.63,5.96,spring,False,False,False,False,0.0,0.0
2024-10-10 19:01:42,64.66,29.76,5.7,2.65,98.98,5.14,spring,False,False,False,False,0.0,0.0
2024-10-10 19:31:42,72.84,28.58,5.68,2.7,98.81,3.04,spring,False,False,False,False,0.0,0.0
2024-10-10 20:01:42,71.55,29.23,5.77,2.78,98.77,5.45,spring,False,False,False,False,0.0,0.0
2024-10-10 20:31:42,77.5,28.89,5.76,2.8,98.08,3.66,spring,False,False,False,False,0.0,0.0
2024-10-10 21:01:42,75.05,28.37,5.83,2.82,97.5,7.92,spring,False,False,False,False,0.0,0.0
2024-10-10 21:31:42,72.17,28.44,5.77,2.74,96.68,7.44,spring,False,False,False,False,0.0,0.0
2024-10-10 22:01:42,78.52,30.82,5.7,2.79,96.04,9.17,spring,False,False,False,False,0.0,0.0
2024-10-10 22:31:42,70.7,30.86,5.6,2.76,95.16,7.34,spring,False,False,False,False,0.0,0.0
2024-10-10 23:01:42,76.6,30.59,5.68,2.62,95.05,1.55,spring,False,False,False,False,0.0,0.0
2024-10-10 23:31:42,66.7,30.89,5.75,2.41,94.37,0.73,spring,False,False,False,False,0.0,0.0
2024-10-11 00:01:42,73.61,31.35,5.61,2.42,93.75,5.7,spring,False,False,False,False,0.0,0.0
2024-10-11 00:31:42,62.41,31.47,5.56,2.56,92.98,9.51,spring,False,False,False,False,0.0,0.0
2024-10-11 01:01:42,72.3,32.52,5.46,2.55,92.14,3.25,spring,False,False,False,False,0.0,0.0
2024-10-11 01:31:42,57.95,33.38,5.39,2.57,91.83,1.15,spring,False,False,False,False,0.0,0.0
2024-10-11 02:01:42,68.24,34.17,5.4,2.58,91.68,2.5,spring,False,False,False,False,0.0,0.0
2024-10-11 02:31:42,65.41,33.2,5.58,2.61,91.58,3.56,spring,False,False,False,False,0.0,0.0
2024-10-11 03:01:42,66.9,34.22,5.57,2.54,90.84,2.79,spring,False,False,False,False,0.0,0.0
2024-10-11 03:31:42,63.24,34.98,5.66,2.46,90.25,6.4,spring,False,False,False,False,0.0,0.0
2024-10-11 04:01:42,70.92,35.52,5.63,2.37,89.27,0.29,spring,False,False,False,False,0.0,0.0
2024-10-11 04:31:42,69.33,35.84,5.84,2.35,88.34,4.49,spring,False,False,False,False,0.0,0.0
2024-10-11 05:01:42,63.38,35.92,5.87,2.49,87.5,0.76,spring,False,False,False,False,0.0,0.0
2024-10-11 05:31:42,65.83,35.9,5.97,2.43,87.31,8.13,spring,False,False,False,False,0.0,0.0
2024-10-11 06:01:42,66.8,37.08,5.94,2.56,87.19,8.02,spring,False,False,False,False,0.0,0.0
2024-10-11 06:31:42,68.78,34.4,5.93,2.55,87.0,4.88,spring,False,False,False,False,0.0,0.0
2024-10-11 07:01:42,55.25,35.5,5.9,2.6,86.11,7.59,spring,False,False,False,False,0.0,0.0
2024-10-11 07:31:42,62.1,34.55,5.7,2.46,85.39,9.57,spring,False,False,False,False,0.0,0.0
2024-10-11 08:01:42,74.17,34.07,5.79,2.51,84.44,3.23,spring,False,False,False,False,0.0,0.0
2024-10-11 08:31:42,61.74,34.66,5.73,2.57,84.01,8.28,spring,False,False,False,False,0.0,0.0
2024-10-11 09:01:42,64.94,37.14,5.69,2.56,83.16,1.79,spring,False,False,False,False,0.0,0.0
2024-10-11 09:31:42,64.97,35.79,5.79,2.63,82.24,1.68,spring,False,False,False,False,0.0,0.0
2024-10-11 10:01:42,63.74,36.89,5.8,2.75,82.21,7.04,spring,False,False,False,False,0.0,0.0
2024-10-11 10:31:42,56.52,34.04,5.78,2.76,81.57,2.41,spring,False,False,False,False,0.0,0.0
2024-10-11 11:01:42,57.42,33.53,5.9,2.5,81.41,9.67,spring,False,False,False,False,0.0,0.0
2024-10-11 11:31:42,66.26,33.99,5.82,2.38,80.49,8.33,spring,False,False,False,False,0.0,0.0
2024-10-11 12:01:42,66.3,34.47,5.91,2.41,80.29,2.36,spring,False,False,False,False,0.0,0.0
2024-10-11 12:31:42,71.06,31.8,5.75,2.58,79.98,1.4,spring,False,False,False,False,0.0,0.0
2024-10-11 13:01:42,57.27,32.7,5.81,2.29,79.65,0.42,spring,False,False,False,False,0.0,0.0
2024-10-11 13:31:42,66.07,32.22,5.74,2.24,78.65,4.79,spring,False,False,False,False,0.0,0.0
2024-10-11 14:01:42,65.94,33.2,5.64,2.25,78.48,5.92,spring,False,False,False,False,0.0,0.0
2024-10-11 14:31:42,75.52,32.03,5.56,2.41,78.03,9.33,spring,False,False,False,False,0.0,0.0
2024-10-11 15:01:42,70.67,31.15,5.32,2.35,77.65,7.19,spring,False,False,False,False,0.0,0.0
2024-10-11 15:31:42,77.63,32.82,5.31,2.53,76.8,3.74,spring,False,False,False,False,0.0,0.0
2024-10-11 16:01:42,68.0,31.92,5.42,2.43,76.2,0.23,spring,False,False,False,False,0.0,0.0
2024-10-11 16:31:42,74.29,33.02,5.52,2.38,75.31,4.47,spring,False,False,False,False,0.0,0.0
2024-10-11 17:01:42,61.74,32.66,5.49,2.4,74.78,9.16,spring,False,False,False,False,0.0,0.0
2024-10-11 17:31:42,63.22,32.95,5.36,2.5,74.46,4.5,spring,False,False,False,False,0.0,0.0
2024-10-11 18:01:42,61.86,32.75,5.29,2.37,74.3,5.04,spring,False,False,False,False,0.0,0.0
2024-10-11 18:31:42,65.61,31.46,5.46,2.48,74.07,2.27,spring,False,False,False,False,0.0,0.0
2024-10-11 19:01:42,74.95,29.87,5.53,2.36,73.52,5.52,spring,False,False,False,False,0.0,0.0
2024-10-11 19:31:42,66.41,28.83,5.47,2.36,72.59,9.95,spring,False,False,False,False,0.0,0.0
2024-10-11 20:01:42,76.84,27.63,5.49,2.49,72.37,7.9,spring,False,False,False,False,0.0,0.0
2024-10-11 20:31:42,76.82,28.26,5.64,2.25,72.04,6.99,spring,False,False,False,False,0.0,0.0
2024-10-11 21:01:42,68.25,29.96,5.67,2.29,71.88,0.42,spring,False,False,False,False,0.0,0.0
2024-10-11 21:31:42,77.19,30.23,5.55,2.23,71.51,8.77,spring,False,False,False,False,0.0,0.0
2024-10-11 22:01:42,70.74,28.22,5.51,2.21,71.11,1.95,spring,False,False,False,False,0.0,0.0
2024-10-11 22:31:42,73.46,27.81,5.51,1.96,70.4,4.73,spring,False,False,False,False,0.0,0.0
2024-10-11 23:01:42,66.25,29.27,5.45,2.02,69.71,4.55,spring,False,False,False,False,0.0,0.0
2024-10-11 23:31:42,69.85,29.84,5.43,1.89,69.25,5.49,spring,False,False,False,False,0.0,0.0
2024-10-12 00:01:42,59.72,29.57,5.43,1.92,68.68,0.93,spring,False,False,False,False,0.0,0.0
2024-10-12 00:31:42,73.33,28.94,5.51,1.83,68.66,7.06,spring,False,False,False,False,0.0,0.0
2024-10-12 01:01:42,67.87,28.02,5.26,1.85,67.9,9.78,spring,False,False,False,False,0.0,0.0
2024-10-12 01:31:42,65.83,27.84,5.3,1.91,67.65,9.85,spring,False,False,False,False,0.0,0.0
2024-10-12 02:01:42,75.71,28.32,5.48,1.89,66.65,5.69,spring,False,False,False,False,0.0,0.0
2024-10-12 02:31:42,80.0,27.22,5.5,1.96,65.68,4.81,spring,False,False,False,False,0.0,0.0
2024-10-12 03:01:42,69.97,27.43,5.68,1.96,65.11,5.41,spring,False,False,False,False,0.0,0.0
2024-10-12 03:31:42,68.42,26.47,5.83,1.91,64.33,9.68,spring,False,False,False,False,0.0,0.0
2024-10-12 04:01:42,70.87,25.66,5.89,1.91,64.25,5.23,spring,False,False,False,False,0.0,0.0
2024-10-12 04:31:42,77.71,25.06,5.99,1.92,63.55,6.1,spring,False,False,False,False,0.0,0.0
2024-10-12 05:01:42,74.77,24.85,5.84,2.11,62.75,2.52,spring,False,False,False,False,0.0,0.0
2024-10-12 05:31:42,80.0,23.65,5.72,2.12,62.17,7.34,spring,False,False,False,False,0.0,0.0
2024-10-12 06:01:42,80.0,23.14,5.87,2.25,61.19,2.45,spring,False,False,False,False,0.0,0.0
2024-10-12 06:31:42,77.93,24.27,5.81,2.19,60.39,8.9,spring,False,False,False,False,0.0,0.0
2024-10-12 07:01:42,80.0,23.19,5.9,2.22,60.02,6.81,spring,False,False,False,False,0.0,0.0
2024-10-12 07:31:42,67.3,21.33,5.91,2.24,59.19,6.59,spring,False,False,False,False,0.0,0.0
2024-10-12 08:01:42,78.83,21.22,5.92,2.19,58.3,3.51,spring,False,False,False,False,0.0,0.0
2024-10-12 08:31:42,80.0,20.9,6.02,2.21,57.78,0.44,spring,False,False,False,False,0.0,0.0
2024-10-12 09:01:42,77.73,20.76,6.02,2.17,57.09,0.81,spring,False,False,False,False,0.0,0.0
2024-10-12 09:31:42,77.58,20.25,5.77,2.21,56.25,9.53,spring,False,False,False,False,0.0,0.0
2024-10-12 10:01:42,80.0,18.47,5.82,2.13,56.01,3.95,spring,False,False,False,False,0.0,0.0
2024-10-12 10:31:42,80.0,18.69,5.82,2.3,55.07,3.51,spring,False,False,False,False,0.0,0.0
2024-10-12 11:01:42,80.0,19.68,5.85,2.41,54.89,8.93,spring,False,False,False,False,0.0,0.0
2024-10-12 11:31:42,80.0,19.94,5.81,2.35,54.09,0.25,spring,False,False,False,False,0.0,0.0
2024-10-12 12:01:42,80.0,20.25,5.78,2.3,53.57,5.95,spring,False,False,False,False,0.0,0.0
2024-10-12 12:31:42,80.0,18.32,5.76,2.31,53.55,1.56,spring,False,False,False,False,0.0,0.0
2024-10-12 13:01:42,80.0,18.28,5.9,2.16,52.58,3.16,spring,False,False,False,False,0.0,0.0
2024-10-12 13:31:42,74.78,18.41,5.84,2.18,52.15,4.61,spring,False,False,False,False,0.0,0.0
2024-10-12 14:01:42,79.13,17.74,5.78,2.24,51.22,1.94,spring,False,False,False,False,0.0,0.0
2024-10-12 14:31:42,80.0,18.35,5.95,2.19,50.95,4.09,spring,False,False,False,False,0.0,0.0
2024-10-12 15:01:42,80.0,18.52,6.02,2.18,50.35,2.72,spring,False,False,False,False,0.0,0.0
2024-10-12 15:31:42,80.0,18.75,6.01,2.31,49.95,6.46,spring,False,False,False,False,0.0,0.0
2024-10-12 16:01:42,80.0,19.14,5.98,2.37,49.45,9.21,spring,False,False,False,False,0.0,0.0
2024-10-12 16:31:42,78.98,19.39,5.97,2.38,48.62,6.77,spring,False,False,False,False,0.0,0.0
2024-10-12 17:01:42,80.0,18.3,5.97,2.54,47.93,3.86,spring,False,False,False,False,0.0,0.0
2024-10-12 17:31:42,73.32,17.53,5.99,2.39,47.33,9.64,spring,False,False,False,False,0.0,0.0
2024-10-12 18:01:42,80.0,19.46,6.07,2.57,46.4,5.17,spring,False,False,False,False,0.0,0.0
2024-10-12 18:31:42,80.0,19.81,6.14,2.53,46.09,0.09,spring,False,False,False,False,0.0,0.0
2024-10-12 19:01:42,80.0,19.67,6.22,2.47,45.55,5.03,spring,False,False,False,False,0.0,0.0
2024-10-12 19:31:42,80.0,18.31,6.18,2.65,45.48,2.36,spring,False,False,False,False,0.0,0.0
2024-10-12 20:01:42,80.0,15.98,6.3,2.6,45.47,4.89,spring,False,False,False,False,0.0,0.0
2024-10-12 20:31:42,80.0,16.14,6.4,2.64,44.78,1.87,spring,False,False,False,False,0.0,0.0
2024-10-12 21:01:42,80.0,16.88,6.49,2.62,44.18,1.48,spring,False,False,False,False,0.0,0.0
2024-10-12 21:31:42,80.0,16.09,6.72,2.64,43.5,9.14,spring,False,False,False,False,0.0,0.0
2024-10-12 22:01:42,80.0,15.96,6.83,2.47,42.71,7.41,spring,False,False,False,False,0.0,0.0
2024-10-12 22:31:42,80.0,14.86,6.82,2.54,42.28,0.09,spring,False,False,False,False,0.0,0.0
2024-10-12 23:01:42,80.0,14.7,6.77,2.61,41.66,2.85,spring,False,False,False,False,0.0,0.0
2024-10-12 23:31:42,78.63,13.27,6.83,2.45,41.6,8.88,spring,False,False,False,False,0.0,0.0
2024-10-13 00:01:42,80.0,13.61,6.64,2.44,40.83,8.41,spring,False,False,False,False,0.0,0.0
2024-10-13 00:31:42,80.0,14.91,6.81,2.46,40.5,3.58,spring,False,False,False,False,0.0,0.0
2024-10-13 01:01:42,79.94,15.1,6.74,2.44,40.09,1.07,spring,False,False,False,False,0.0,0.0
2024-10-13 01:31:42,80.0,14.51,6.77,2.52,39.11,3.07,spring,False,False,False,False,0.0,0.0
2024-10-13 02:01:42,80.0,13.5,6.79,2.46,38.37,2.29,spring,False,False,False,False,0.0,0.0
2024-10-13 02:31:42,80.0,14.17,6.91,2.29,38.37,4.58,spring,False,False,False,False,0.0,0.0
2024-10-13 03:01:42,80.0,14.5,7.05,2.25,37.8,8.15,spring,False,False,False,False,0.0,0.0
2024-10-13 03:31:42,80.0,16.19,6.98,2.35,37.38,3.38,spring,False,False,False,False,0.0,0.0
2024-10-13 04:01:42,80.0,15.02,6.92,2.42,37.04,7.57,spring,False,False,False,False,0.0,0.0
2024-10-13 04:31:42,78.47,15.14,6.96,2.46,36.71,4.32,spring,False,False,False,False,0.0,0.0
2024-10-13 05:01:42,80.0,15.9,7.04,2.46,35.9,9.85,spring,False,False,False,False,0.0,0.0
2024-10-13 05:31:42,80.0,15.3,6.96,2.43,34.95,6.5,spring,False,False,False,False,0.0,0.0
2024-10-13 06:01:42,80.0,14.66,7.03,2.3,34.29,2.4,spring,False,False,False,False,0.0,0.0
2024-10-13 06:31:42,80.0,14.71,7.05,2.26,34.14,8.89,spring,False,False,False,False,0.0,0.0
2024-10-13 07:01:42,80.0,14.1,7.01,2.24,33.45,5.93,spring,False,False,False,False,0.0,0.0
2024-10-13 07:31:42,80.0,12.81,6.91,2.16,32.45,9.46,spring,False,False,False,False,0.0,0.0
2024-10-13 08:01:42,80.0,14.62,6.81,2.18,32.05,5.51,spring,False,False,False,False,0.0,0.0
2024-10-13 08:31:42,80.0,12.59,6.87,2.08,31.64,7.94,spring,False,False,False,False,0.0,0.0
2024-10-13 09:01:42,80.0,13.26,7.0,2.15,30.95,1.36,spring,False,False,False,False,0.0,0.0
2024-10-13 09:31:42,80.0,12.25,6.99,2.2,30.2,5.68,spring,False,False,False,False,0.0,0.0
2024-10-13 10:01:42,80.0,12.88,6.93,2.31,29.91,2.38,spring,False,False,False,True,0.0,0.0
2024-10-13 10:31:42,69.18,12.65,6.89,2.33,29.17,4.17,spring,False,False,False,True,0.0,0.0
2024-10-13 11:01:42,80.0,11.56,6.68,2.25,28.82,8.86,spring,False,False,False,True,0.0,0.0
2024-10-13 11:31:42,80.0,11.13,6.64,2.26,28.81,6.1,spring,False,False,False,True,0.0,0.0
2024-10-13 12:01:42,80.0,11.88,6.31,2.17,28.04,5.03,spring,False,False,False,True,0.0,0.0
2024-10-13 12:31:42,80.0,12.68,6.33,2.08,27.34,6.56,spring,False,False,False,True,0.0,0.0
2024-10-13 13:01:42,80.0,11.01,6.38,2.1,26.78,7.44,spring,False,False,False,True,0.0,0.0
2024-10-13 13:31:42,80.0,10.78,6.36,2.12,26.38,8.64,spring,False,False,False,True,0.0,0.0
2024-10-13 14:01:42,80.0,10.1,6.16,2.09,25.39,4.44,spring,False,False,False,True,0.0,0.0
2024-10-13 14:31:42,80.0,8.28,6.3,2.03,24.93,2.74,spring,False,False,False,True,0.0,0.0
2024-10-13 15:01:42,80.0,8.65,6.24,2.02,24.57,7.52,spring,False,False,False,True,0.0,0.0
2024-10-13 15:31:42,80.0,7.79,6.32,1.93,24.46,1.42,spring,False,False,False,True,0.0,0.0
2024-10-13 16:01:42,80.0,8.82,6.28,2.04,24.41,6.59,spring,False,False,False,True,0.0,0.0
2024-10-13 16:31:42,80.0,7.97,6.31,2.06,23.82,7.39,spring,False,False,False,True,0.0,0.0
2024-10-13 17:01:42,80.0,6.41,6.11,1.95,22.89,2.31,spring,False,False,False,True,0.0,0.0
2024-10-13 17:31:42,80.0,6.8,6.09,1.83,22.78,2.93,spring,False,False,False,True,0.0,0.0
2024-10-13 18:01:42,80.0,6.06,5.99,1.96,22.63,2.45,spring,False,False,False,True,0.0,0.0
2024-10-13 18:31:42,80.0,6.67,5.94,2.02,21.94,0.13,spring,False,False,False,True,0.0,0.0
2024-10-13 19:01:42,80.0,6.46,5.99,2.13,21.33,0.42,spring,False,False,False,True,0.0,0.0
2024-10-13 19:31:42,80.0,5.77,5.95,2.17,20.4,6.85,spring,False,False,False,True,0.0,0.0
2024-10-13 20:01:42,80.0,6.14,5.92,2.3,20.19,3.88,spring,False,False,False,True,0.0,0.0
2024-10-13 20:31:42,80.0,6.06,5.78,2.18,100.0,7.78,spring,False,False,False,False,0.0,0.0
2024-10-13 21:01:42,80.0,5.0,5.75,2.22,99.26,2.62,spring,False,False,False,False,0.0,0.0
2024-10-13 21:31:42,80.0,5.0,5.63,2.15,98.33,4.48,spring,False,False,False,False,0.0,0.0
2024-10-13 22:01:42,80.0,5.0,5.64,2.16,97.42,9.52,spring,False,False,False,False,0.0,0.0
2024-10-13 22:31:42,80.0,5.0,5.76,2.03,96.57,5.18,spring,False,False,False,False,0.0,0.0
2024-10-13 23:01:42,80.0,5.0,5.75,1.97,96.52,5.13,spring,False,False,False,False,0.0,0.0
2024-10-13 23:31:42,80.0,5.0,5.66,1.99,95.83,1.1,spring,False,False,False,False,0.0,0.0
2024-10-14 00:01:42,80.0,5.0,5.59,2.14,95.53,9.62,spring,False,False,False,False,0.0,0.0
2024-10-14 00:31:42,80.0,5.0,5.66,2.18,95.28,0.29,spring,False,False,False,False,0.0,0.0
2024-10-14 01:01:42,80.0,5.09,5.69,2.29,94.47,5.2,spring,False,False,False,False,0.0,0.0
2024-10-14 01:31:42,80.0,5.0,5.61,2.24,93.89,5.44,spring,False,False,False,False,0.0,0.0
2024-10-14 02:01:42,80.0,5.0,5.7,2.28,93.01,5.96,spring,False,False,False,False,0.0,0.0
2024-10-14 02:31:42,80.0,5.0,5.77,2.31,92.23,6.23,spring,False,False,False,False,0.0,0.0
2024-10-14 03:01:42,80.0,5.9,5.72,2.29,92.22,5.4,spring,False,False,False,False,0.0,0.0
2024-10-14 03:31:42,80.0,6.97,5.78,2.25,91.68,2.53,spring,False,False,False,False,0.0,0.0
2024-10-14 04:01:42,80.0,7.58,5.82,2.27,91.6,5.34,spring,False,False,False,False,0.0,0.0
2024-10-14 04:31:42,80.0,6.76,5.92,2.12,90.96,4.98,spring,False,False,False,False,0.0,0.0
2024-10-14 05:01:42,80.0,7.97,6.1,1.96,90.41,3.36,spring,False,False,False,False,0.0,0.0
2024-10-14 05:31:42,80.0,8.21,6.17,1.92,90.38,9.49,spring,False,False,False,False,0.0,0.0
2024-10-14 06:01:42,80.0,9.8,6.11,1.82,89.73,3.23,spring,False,False,False,False,0.0,0.0
2024-10-14 06:31:42,80.0,9.13,6.05,1.79,89.4,3.62,spring,False,False,False,False,0.0,0.0
2024-10-14 07:01:42,80.0,8.84,6.18,1.64,88.91,7.34,spring,False,False,False,False,0.0,0.0
2024-10-14 07:31:42,80.0,8.54,6.06,1.73,88.25,9.18,spring,False,False,False,False,0.0,0.0
2024-10-14 08:01:42,80.0,8.53,6.24,1.63,87.63,6.83,spring,False,False,False,False,0.0,0.0
2024-10-14 08:31:42,80.0,9.64,6.22,1.63,87.5,8.09,spring,False,False,False,False,0.0,0.0
2024-10-14 09:01:42,80.0,8.29,6.26,1.62,87.36,0.26,spring,False,False,False,False,0.0,0.0
2024-10-14 09:31:42,80.0,9.14,6.4,1.74,86.97,5.71,spring,False,False,False,False,0.0,0.0
2024-10-14 10:01:42,80.0,10.67,6.42,1.63,86.92,1.86,spring,False,False,False,False,0.0,0.0
2024-10-14 10:31:42,80.0,8.7,6.36,1.6,86.07,8.25,spring,False,False,False,False,0.0,0.0
2024-10-14 11:01:42,80.0,10.41,6.28,1.41,85.08,6.81,spring,False,False,True,False,0.78,0.0
2024-10-14 11:31:42,80.0,8.77,6.2,1.4,84.78,0.11,spring,False,False,True,False,4.24,0.0
2024-10-14 12:01:42,80.0,8.58,6.18,1.52,84.12,2.0,spring,False,False,False,False,0.0,0.0
2024-10-14 12:31:42,80.0,8.95,6.25,1.46,83.62,6.45,spring,False,False,True,False,4.12,0.0
2024-10-14 13:01:42,80.0,9.37,6.13,1.52,83.01,4.71,spring,False,False,False,False,0.0,0.0
2024-10-14 13:31:42,80.0,9.36,6.19,1.51,82.95,9.64,spring,False,False,False,False,0.0,0.0
2024-10-14 14:01:42,80.0,9.35,6.2,1.45,82.12,2.23,spring,False,False,True,False,0.5,0.0
2024-10-14 14:31:42,80.0,8.88,6.21,1.37,81.2,2.17,spring,False,False,True,False,4.68,0.0
2024-10-14 15:01:42,80.0,9.82,6.28,1.23,81.13,9.72,spring,False,False,True,False,3.82,0.0
2024-10-14 15:31:42,80.0,9.64,6.28,1.31,81.0,4.74,spring,False,False,True,False,0.62,0.0
2024-10-14 16:01:42,80.0,9.48,6.36,1.32,80.81,5.01,spring,False,False,True,False,1.57,0.0
2024-10-14 16:31:42,80.0,8.91,6.32,1.5,80.56,0.62,spring,False,False,False,False,0.0,0.0
2024-10-14 17:01:42,80.0,8.63,6.55,1.58,80.03,6.91,spring,False,False,False,False,0.0,0.0
2024-10-14 17:31:42,80.0,9.07,6.36,1.62,79.88,0.06,spring,False,False,False,False,0.0,0.0
2024-10-14 18:01:42,80.0,8.09,6.46,1.69,79.46,5.47,spring,False,False,False,False,0.0,0.0
2024-10-14 18:31:42,80.0,9.47,6.57,1.66,78.95,0.45,spring,False,False,False,False,0.0,0.0
2024-10-14 19:01:42,80.0,10.82,6.55,1.57,78.45,7.87,spring,False,False,False,False,0.0,0.0
2024-10-14 19:31:42,80.0,10.38,6.55,1.48,78.34,9.36,spring,False,False,True,False,2.77,0.0
2024-10-14 20:01:42,80.0,10.03,6.7,1.41,78.0,9.03,spring,False,False,True,False,1.95,0.0
2024-10-14 20:31:42,80.0,8.89,6.78,1.5,77.97,4.36,spring,False,False,False,False,0.0,0.0
2024-10-14 21:01:42,80.0,8.73,6.61,1.52,77.0,4.44,spring,False,False,False,False,0.0,0.0
2024-10-14 21:31:42,80.0,7.87,6.75,1.29,76.66,5.85,spring,False,False,True,False,1.15,0.0
2024-10-14 22:01:42,80.0,8.4,6.79,1.21,75.87,5.4,spring,False,False,True,False,4.77,0.0
2024-10-14 22:31:42,80.0,8.76,7.05,1.19,75.48,4.21,spring,False,False,True,False,0.32,0.0
2024-10-14 23:01:42,80.0,6.91,6.95,1.32,74.6,0.48,spring,False,False,True,False,1.37,0.0
2024-10-14 23:31:42,80.0,6.54,7.07,1.43,73.87,1.19,spring,False,False,True,False,1.38,0.0
2024-10-15 00:01:42,80.0,5.51,7.22,1.44,73.3,5.0,spring,False,False,True,False,4.64,0.0
2024-10-15 00:31:42,80.0,5.24,7.2,1.35,72.49,9.94,spring,False,False,True,False,4.47,0.0
2024-10-15 01:01:42,80.0,5.91,7.07,1.47,71.97,9.35,spring,False,False,True,False,2.28,0.0
2024-10-15 01:31:42,80.0,5.42,7.11,1.54,71.79,1.43,spring,False,False,False,False,0.0,0.0
2024-10-15 02:01:42,80.0,6.86,7.02,1.5,71.68,0.13,spring,False,False,True,False,2.17,0.0
2024-10-15 02:31:42,80.0,6.46,6.91,1.4,71.67,9.22,spring,False,False,True,False,2.25,0.0
2024-10-15 03:01:42,80.0,8.02,6.83,1.4,71.24,4.32,spring,False,False,True,False,0.41,0.0
2024-10-15 03:31:42,80.0,9.02,6.82,1.3,70.71,5.23,spring,False,False,True,False,0.46,0.0
2024-10-15 04:01:42,80.0,8.92,6.75,1.11,70.69,1.1,spring,False,False,True,False,0.88,0.0
2024-10-15 04:31:42,80.0,7.85,6.6,1.06,69.82,4.12,spring,False,False,True,False,0.57,0.0
2024-10-15 05:01:42,80.0,6.57,6.44,0.98,69.22,4.82,spring,False,False,True,False,2.2,0.0
2024-10-15 05:31:42,80.0,6.9,6.44,0.96,68.43,4.45,spring,False,False,True,False,1.78,0.0
2024-10-15 06:01:42,80.0,5.56,6.3,1.06,67.73,8.14,spring,False,False,True,False,4.23,0.0
2024-10-15 06:31:42,80.0,5.0,6.36,1.04,67.71,3.23,spring,False,False,True,False,1.1,0.0
2024-10-15 07:01:42,80.0,6.23,6.15,1.11,67.21,8.9,spring,False,False,True,False,1.38,0.0
2024-10-15 07:31:42,80.0,5.58,6.01,1.07,67.01,5.27,spring,False,False,True,False,2.08,0.0
2024-10-15 08:01:42,80.0,6.84,5.93,1.03,66.01,9.53,spring,False,False,True,False,1.14,0.0
2024-10-15 08:31:42,80.0,7.08,5.93,1.02,65.39,4.49,spring,False,False,True,False,4.66,0.0
2024-10-15 09:01:42,80.0,6.32,5.91,1.06,65.05,6.24,spring,False,False,True,False,1.03,0.0
2024-10-15 09:31:42,80.0,5.73,6.13,1.29,64.54,8.22,spring,False,False,True,False,4.08,0.0
2024-10-15 10:01:42,80.0,5.0,6.17,1.29,64.11,4.7,spring,False,False,True,False,0.87,0.0
2024-10-15 10:31:42,80.0,5.07,6.15,1.33,63.39,7.93,spring,False,False,True,False,3.04,0.0
2024-10-15 11:01:42,80.0,6.8,6.18,1.4,62.65,9.82,spring,False,False,True,False,0.91,0.0
2024-10-15 11:31:42,80.0,8.21,6.36,1.39,62.22,7.07,spring,False,False,True,False,1.29,0.0
2024-10-15 12:01:42,80.0,7.53,6.35,1.4,61.59,6.6,spring,False,False,True,False,2.47,0.0
2024-10-15 12:31:42,80.0,7.93,6.29,1.36,61.49,8.58,spring,False,False,True,False,4.68,0.0
2024-10-15 13:01:42,80.0,7.32,6.36,1.39,61.31,6.5,spring,False,False,True,False,1.96,0.0
2024-10-15 13:31:42,80.0,6.12,6.38,1.43,61.29,6.6,spring,False,False,True,False,3.01,0.0
2024-10-15 14:01:42,80.0,7.37,6.52,1.47,60.89,3.35,spring,False,False,True,False,3.39,0.0
2024-10-15 14:31:42,80.0,6.65,6.64,1.36,60.35,1.59,spring,False,False,True,False,0.04,0.0
2024-10-15 15:01:42,80.0,8.09,6.56,1.34,59.39,2.84,spring,False,False,True,False,1.79,0.0
2024-10-15 15:31:42,80.0,8.81,6.55,1.45,59.11,2.17,spring,False,False,True,False,3.44,0.0
2024-10-15 16:01:42,80.0,7.6,6.53,1.42,58.51,9.88,spring,False,False,True,False,1.91,0.0
2024-10-15 16:31:42,80.0,8.63,6.56,1.4,57.68,2.81,spring,False,False,True,False,0.28,0.0
2024-10-15 17:01:42,80.0,9.4,6.69,1.34,57.51,4.31,spring,False,False,True,False,3.62,0.0
2024-10-15 17:31:42,80.0,8.6,6.7,1.36,56.84,7.25,spring,False,False,True,False,0.48,0.0
2024-10-15 18:01:42,80.0,6.85,6.61,1.28,56.38,0.22,spring,False,False,True,False,0.33,0.0
2024-10-15 18:31:42,80.0,6.15,6.53,1.29,55.98,0.17,spring,False,False,True,False,0.53,0.0
2024-10-15 19:01:42,80.0,5.0,6.56,1.44,55.65,9.04,spring,False,False,True,False,1.0,0.0
2024-10-15 19:31:42,80.0,5.0,6.55,1.47,55.59,5.49,spring,False,False,True,False,3.73,0.0
2024-10-15 20:01:42,80.0,5.05,6.48,1.46,55.22,1.17,spring,False,False,True,False,4.76,0.0
2024-10-15 20:31:42,80.0,6.22,6.52,1.43,55.19,3.12,spring,False,False,True,False,0.84,0.0
2024-10-15 21:01:42,80.0,5.61,6.5,1.48,54.62,2.34,spring,False,False,True,False,0.96,0.0
2024-10-15 21:31:42,80.0,6.2,6.58,1.47,54.49,0.5,spring,False,False,True,False,3.15,0.0
2024-10-15 22:01:42,80.0,6.29,6.58,1.55,53.74,0.98,spring,False,False,False,False,0.0,0.0
2024-10-15 22:31:42,80.0,7.81,6.61,1.47,53.4,2.19,spring,False,False,True,False,3.24,0.0
2024-10-15 23:01:42,80.0,8.11,6.63,1.54,53.33,4.45,spring,False,False,False,False,0.0,0.0
2024-10-15 23:31:42,80.0,8.13,6.74,1.42,53.15,4.11,spring,False,False,True,False,0.71,0.0
2024-10-16 00:01:42,80.0,8.93,6.86,1.43,52.68,6.6,spring,False,False,True,False,3.72,0.0
2024-10-16 00:31:42,80.0,8.81,6.95,1.33,52.29,1.02,spring,False,False,True,False,4.13,0.0
2024-10-16 01:01:42,80.0,9.68,7.05,1.2,52.24,6.56,spring,False,False,True,False,3.66,0.0
2024-10-16 01:31:42,80.0,8.66,7.09,1.17,51.65,8.35,spring,False,False,True,False,0.6,0.0
2024-10-16 02:01:42,80.0,6.84,7.24,1.12,51.19,8.21,spring,False,False,True,False,1.69,0.0
2024-10-16 02:31:42,80.0,5.62,7.09,1.19,50.62,4.08,spring,False,False,True,False,3.65,0.0
2024-10-16 03:01:42,80.0,6.25,7.21,1.08,50.22,7.81,spring,False,False,True,False,1.51,0.0
2024-10-16 03:31:42,80.0,6.82,7.13,1.18,49.71,1.5,spring,False,False,True,False,0.17,0.0
2024-10-16 04:01:42,80.0,6.87,7.19,1.16,49.33,4.59,spring,False,False,True,False,4.54,0.0
2024-10-16 04:31:42,80.0,6.37,7.2,1.02,49.31,2.07,spring,False,False,True,False,0.62,0.0
2024-10-16 05:01:42,80.0,5.0,7.24,1.07,49.18,9.19,spring,False,False,True,False,3.32,0.0
2024-10-16 05:31:42,80.0,5.0,7.28,1.09,49.17,5.85,spring,False,False,True,False,3.07,0.0
2024-10-16 06:01:42,80.0,6.37,7.56,1.01,48.27,1.79,spring,False,False,True,False,4.2,0.0
2024-10-16 06:31:42,80.0,8.17,7.41,0.97,47.66,4.99,spring,False,False,True,False,1.24,0.0
2024-10-16 07:01:42,80.0,7.95,7.42,0.71,47.64,8.52,spring,False,False,True,False,3.46,0.0
2024-10-16 07:31:42,80.0,8.28,7.41,0.78,47.06,3.08,spring,False,False,True,False,1.47,0.0
2024-10-16 08:01:42,80.0,8.52,7.45,0.71,46.73,7.1,spring,False,False,True,False,4.8,0.0
2024-10-16 08:31:42,80.0,6.86,7.42,0.78,46.43,5.72,spring,False,False,True,False,0.72,0.0
2024-10-16 09:01:42,80.0,5.98,7.27,0.77,46.34,0.52,spring,False,False,True,False,0.97,0.0
2024-10-16 09:31:42,80.0,7.12,7.11,0.66,45.51,5.41,spring,False,False,True,False,2.94,0.0
2024-10-16 10:01:42,80.0,5.9,7.2,0.63,45.28,8.16,spring,False,False,True,False,0.42,0.0
2024-10-16 10:31:42,80.0,5.0,7.2,0.65,44.79,6.21,spring,False,False,True,False,4.1,0.0
2024-10-16 11:01:42,80.0,5.0,7.12,0.5,44.76,4.33,spring,False,False,True,False,4.33,0.0
2024-10-16 11:31:42,80.0,5.75,7.09,0.5,44.18,5.67,spring,False,False,True,False,1.47,0.0
2024-10-16 12:01:42,80.0,6.13,7.19,0.5,43.5,9.96,spring,False,False,True,False,0.5,0.0
2024-10-16 12:31:42,80.0,6.16,7.19,0.54,43.4,9.96,spring,False,False,True,False,0.09,0.0
2024-10-16 13:01:42,80.0,5.26,7.27,0.51,42.7,7.16,spring,False,False,True,False,1.06,0.0
2024-10-16 13:31:42,80.0,5.0,7.25,0.5,42.08,6.65,spring,False,False,True,False,2.37,0.0
2024-10-16 14:01:42,80.0,5.2,7.23,0.56,41.72,6.18,spring,False,False,True,False,4.49,0.0
2024-10-16 14:31:42,80.0,5.0,7.28,0.6,41.44,5.4,spring,False,False,True,False,0.49,0.0
2024-10-16 15:01:42,80.0,5.0,7.14,0.6,40.67,5.88,spring,False,False,True,False,4.84,0.0
2024-10-16 15:31:42,80.0,5.0,7.17,0.57,40.13,8.16,spring,False,False,True,False,1.15,0.0
2024-10-16 16:01:42,80.0,5.0,7.29,0.64,40.07,1.74,spring,False,False,True,False,0.99,0.0
2024-10-16 16:31:42,80.0,5.42,7.21,0.79,39.3,2.55,spring,False,False,True,False,1.0,0.0
2024-10-16 17:01:42,80.0,5.0,7.17,0.79,38.77,2.55,spring,False,False,True,False,2.93,0.0
2024-10-16 17:31:42,80.0,7.08,7.36,1.08,38.04,3.12,spring,False,False,True,False,4.39,0.0
2024-10-16 18:01:42,80.0,7.39,7.38,1.17,38.04,6.34,spring,False,False,True,False,0.09,0.0
2024-10-16 18:31:42,80.0,8.15,7.17,1.12,37.04,7.23,spring,False,False,True,False,0.64,0.0
2024-10-16 19:01:42,80.0,8.25,7.19,1.12,36.98,0.95,spring,False,False,True,False,2.39,0.0
2024-10-16 19:31:42,80.0,8.94,7.16,1.07,36.49,5.49,spring,False,False,True,False,4.06,0.0
2024-10-16 20:01:42,80.0,8.19,7.33,1.09,36.2,7.26,spring,False,False,True,False,1.63,0.0
2024-10-16 20:31:42,80.0,7.76,7.24,1.0,35.74,8.64,spring,False,False,True,False,4.49,0.0
2024-10-16 21:01:42,80.0,9.57,7.15,0.97,35.73,0.08,spring,False,False,True,False,3.64,0.0
2024-10-16 21:31:42,80.0,8.7,7.19,0.94,34.97,5.78,spring,False,False,True,False,4.83,0.0
2024-10-16 22:01:42,80.0,10.24,7.02,1.02,34.04,3.57,spring,False,False,True,False,2.37,0.0
2024-10-16 22:31:42,80.0,9.9,6.96,0.99,33.08,4.15,spring,False,False,True,False,4.8,0.0
2024-10-16 23:01:42,80.0,8.9,7.13,0.97,32.4,6.15,spring,False,False,True,False,2.4,0.0
2024-10-16 23:31:42,80.0,9.46,7.14,1.02,32.02,1.86,spring,False,False,True,False,0.76,0.0
2024-10-17 00:01:42,80.0,9.74,7.23,1.01,31.27,9.82,spring,False,False,True,False,4.1,0.0
2024-10-17 00:31:42,80.0,9.34,7.17,0.76,30.89,0.46,spring,False,False,True,False,2.48,0.0
2024-10-17 01:01:42,80.0,9.52,7.23,0.88,30.16,9.17,spring,False,False,True,False,4.48,0.0
2024-10-17 01:31:42,80.0,9.61,7.06,0.62,30.08,6.55,spring,False,False,True,False,1.25,0.0
2024-10-17 02:01:42,80.0,8.61,7.05,0.66,29.13,7.05,spring,False,False,True,True,4.71,0.0
2024-10-17 02:31:42,80.0,8.64,7.07,0.61,28.56,6.75,spring,False,False,True,True,1.32,0.0
2024-10-17 03:01:42,80.0,8.49,7.04,0.5,27.88,5.1,spring,False,False,True,True,4.47,0.0
2024-10-17 03:31:42,80.0,8.06,7.15,0.6,27.37,6.49,spring,False,False,True,True,2.22,0.0
2024-10-17 04:01:42,80.0,8.04,7.08,0.65,27.11,0.66,spring,False,False,True,True,0.71,0.0
2024-10-17 04:31:42,80.0,8.28,7.25,0.64,26.46,1.96,spring,False,False,True,True,2.93,0.0
2024-10-17 05:01:42,80.0,7.96,7.37,0.64,25.76,5.12,spring,False,False,True,True,3.89,0.0
2024-10-17 05:31:42,80.0,8.21,7.32,0.83,24.81,0.35,spring,False,False,True,True,2.11,0.0
2024-10-17 06:01:42,80.0,7.64,7.34,1.01,24.25,6.97,spring,False,False,True,True,4.35,0.0
2024-10-17 06:31:42,80.0,7.44,7.31,1.1,23.37,5.45,spring,False,False,True,True,0.61,0.0
2024-10-17 07:01:42,80.0,7.82,7.14,1.15,23.08,2.34,spring,False,False,True,True,1.09,0.0
2024-10-17 07:31:42,80.0,9.07,7.09,1.32,22.25,2.84,spring,False,False,True,True,4.58,0.0
2024-10-17 08:01:42,80.0,9.58,7.1,1.44,21.87,7.29,spring,False,False,True,True,2.28,0.0
2024-10-17 08:31:42,80.0,10.29,7.04,1.31,21.71,6.55,spring,False,False,True,True,4.7,0.0
2024-10-17 09:01:42,80.0,9.21,6.95,1.55,21.4,8.83,spring,False,False,False,True,0.0,0.0
2024-10-17 09:31:42,80.0,9.31,7.01,1.54,20.8,6.1,spring,False,False,False,True,0.0,0.0
2024-10-17 10:01:42,80.0,6.85,7.09,1.59,20.66,7.4,spring,False,False,False,True,0.0,0.0
2024-10-17 10:31:42,80.0,5.56,7.05,1.68,20.61,4.8,spring,False,False,False,True,0.0,0.0
2024-10-17 11:01:42,80.0,6.22,7.07,1.66,100.0,4.92,spring,False,False,False,False,0.0,0.0
2024-10-17 11:31:42,80.0,5.0,7.05,1.72,99.5,2.93,spring,False,False,False,False,0.0,0.0
2024-10-17 12:01:42,80.0,5.0,7.15,1.88,99.02,7.03,spring,False,False,False,False,0.0,0.0
2024-10-17 12:31:42,80.0,5.51,7.2,1.72,98.6,7.25,spring,False,False,False,False,0.0,0.0
2024-10-17 13:01:42,80.0,5.0,7.16,1.74,98.5,9.78,spring,False,False,False,False,0.0,0.0
2024-10-17 13:31:42,80.0,6.09,7.13,1.53,97.89,4.4,spring,False,False,False,False,0.0,0.0
2024-10-17 14:01:42,80.0,7.31,7.03,1.53,97.17,0.63,spring,False,False,False,False,0.0,0.0
2024-10-17 14:31:42,80.0,8.26,7.01,1.53,96.63,6.39,spring,False,False,False,False,0.0,0.0
2024-10-17 15:01:42,80.0,7.8,7.05,1.47,95.98,9.44,spring,False,False,True,False,1.4,0.0
2024-10-17 15:31:42,80.0,6.96,7.04,1.54,95.51,5.69,spring,False,False,False,False,0.0,0.0
2024-10-17 16:01:42,80.0,6.75,6.97,1.6,95.21,2.68,spring,False,False,False,False,0.0,0.0
2024-10-17 16:31:42,80.0,7.55,6.92,1.36,94.43,3.88,spring,False,False,True,False,0.51,0.0
2024-10-17 17:01:42,80.0,7.86,7.09,1.38,93.88,1.96,spring,False,False,True,False,4.58,0.0
2024-10-17 17:31:42,80.0,8.42,7.15,1.49,93.13,8.27,spring,False,False,True,False,4.74,0.0
2024-10-17 18:01:42,80.0,7.79,7.09,1.37,92.23,9.27,spring,False,False,True,False,3.83,0.0
2024-10-17 18:31:42,80.0,7.82,7.11,1.56,91.4,7.85,spring,False,False,False,False,0.0,0.0
2024-10-17 19:01:42,80.0,6.79,7.2,1.53,90.97,3.65,spring,False,False,False,False,0.0,0.0
2024-10-17 19:31:42,80.0,7.33,7.14,1.57,90.22,8.09,spring,False,False,False,False,0.0,0.0
2024-10-17 20:01:42,80.0,8.79,7.14,1.45,89.26,2.69,spring,False,False,True,False,1.75,0.0
2024-10-17 20:31:42,80.0,7.72,7.14,1.53,89.14,0.25,spring,False,False,False,False,0.0,0.0
2024-10-17 21:01:42,80.0,7.86,7.0,1.45,88.95,3.69,spring,False,False,True,False,1.68,0.0
2024-10-17 21:31:42,80.0,8.01,6.99,1.42,88.76,8.27,spring,False,False,True,False,2.31,0.0
2024-10-17 22:01:42,80.0,8.98,7.0,1.36,88.34,4.44,spring,False,False,True,False,3.34,0.0
2024-10-17 22:31:42,77.94,8.67,6.73,1.17,88.07,2.33,spring,False,False,True,False,3.3,0.0
2024-10-17 23:01:42,80.0,7.94,6.88,1.28,87.44,3.26,spring,False,False,True,False,2.65,0.0
2024-10-17 23:31:42,80.0,7.86,6.87,1.29,86.51,5.68,spring,False,False,True,False,0.97,0.0
2024-10-18 00:01:42,80.0,7.08,6.86,1.36,85.92,0.82,spring,False,False,True,False,1.71,0.0
2024-10-18 00:31:42,80.0,7.28,7.05,1.22,85.3,8.31,spring,False,False,True,False,0.85,0.0
2024-10-18 01:01:42,80.0,6.61,7.04,1.16,85.0,2.71,spring,False,False,True,False,1.05,0.0
2024-10-18 01:31:42,80.0,5.79,7.09,1.08,84.77,8.73,spring,False,False,True,False,1.41,0.0
2024-10-18 02:01:42,80.0,6.64,7.05,1.12,84.74,7.57,spring,False,False,True,False,2.68,0.0
2024-10-18 02:31:42,80.0,8.77,7.07,1.2,84.19,0.46,spring,False,False,True,False,0.74,0.0
2024-10-18 03:01:42,80.0,8.65,7.09,1.12,84.14,7.17,spring,False,False,True,False,2.77,0.0
2024-10-18 03:31:42,80.0,9.39,7.03,1.14,83.79,6.22,spring,False,False,True,False,0.72,0.0
2024-10-18 04:01:42,80.0,9.24,7.0,1.26,83.27,9.82,spring,False,False,True,False,0.53,0.0
2024-10-18 04:31:42,80.0,8.12,6.99,1.24,82.77,9.18,spring,False,False,True,False,2.93,0.0
2024-10-18 05:01:42,80.0,8.79,7.01,1.25,81.86,7.01,spring,False,False,True,False,1.89,0.0
2024-10-18 05:31:42,80.0,7.76,6.95,1.19,81.53,2.05,spring,False,False,True,False,0.64,0.0
2024-10-18 06:01:42,80.0,6.16,7.09,1.17,81.28,9.23,spring,False,False,True,False,3.36,0.0
2024-10-18 06:31:42,80.0,6.16,7.03,1.19,80.91,5.46,spring,False,False,True,False,2.97,0.0
2024-10-18 07:01:42,80.0,6.11,6.93,0.95,80.77,4.48,spring,False,False,True,False,2.55,0.0
2024-10-18 07:31:42,80.0,6.35,7.11,1.04,80.26,1.41,spring,False,False,True,False,1.99,0.0
2024-10-18 08:01:42,80.0,6.96,7.03,1.09,79.99,0.64,spring,False,False,True,False,2.24,0.0
2024-10-18 08:31:42,80.0,8.22,7.22,1.28,79.93,3.33,spring,False,False,True,False,2.35,0.0
2024-10-18 09:01:42,80.0,7.08,7.16,1.39,79.61,8.69,spring,False,False,True,False,3.9,0.0
2024-10-18 09:31:42,80.0,5.78,7.28,1.48,78.98,1.06,spring,False,False,True,False,2.29,0.0
2024-10-18 10:01:42,80.0,5.14,7.21,1.47,78.29,8.32,spring,False,False,True,False,3.15,0.0
2024-10-18 10:31:42,80.0,5.0,7.21,1.5,78.19,6.51,spring,False,False,False,False,0.0,0.0
2024-10-18 11:01:42,80.0,5.0,7.07,1.69,77.92,1.37,spring,False,False,False,False,0.0,0.0
2024-10-18 11:31:42,80.0,5.12,7.1,1.77,77.27,9.95,spring,False,False,False,False,0.0,0.0
2024-10-18 12:01:42,80.0,5.61,7.11,1.89,76.85,9.97,spring,False,False,False,False,0.0,0.0
2024-10-18 12:31:42,80.0,5.0,6.93,1.97,76.16,5.09,spring,False,False,False,False,0.0,0.0
2024-10-18 13:01:42,80.0,5.23,6.95,2.0,75.65,3.8,spring,False,False,False,False,0.0,0.0
2024-10-18 13:31:42,80.0,5.0,6.99,1.94,75.33,3.16,spring,False,False,False,False,0.0,0.0
2024-10-18 14:01:42,80.0,5.0,7.03,2.02,74.93,9.05,spring,False,False,False,False,0.0,0.0
2024-10-18 14:31:42,80.0,5.37,7.04,2.0,74.66,3.65,spring,False,False,False,False,0.0,0.0
2024-10-18 15:01:42,80.0,5.0,7.1,1.88,73.7,9.16,spring,False,False,False,False,0.0,0.0
2024-10-18 15:31:42,80.0,5.0,7.14,1.87,73.15,0.22,spring,False,False,False,False,0.0,0.0
2024-10-18 16:01:42,80.0,5.0,7.15,2.0,72.68,6.69,spring,False,False,False,False,0.0,0.0
2024-10-18 16:31:42,80.0,5.99,7.18,2.18,71.72,8.99,spring,False,False,False,False,0.0,0.0
2024-10-18 17:01:42,80.0,5.91,7.12,2.31,71.5,6.74,spring,False,False,False,False,0.0,0.0
2024-10-18 17:31:42,80.0,5.38,7.03,2.34,70.89,6.45,spring,False,False,False,False,0.0,0.0
2024-10-18 18:01:42,80.0,6.97,7.1,2.37,70.57,8.49,spring,False,False,False,False,0.0,0.0
2024-10-18 18:31:42,80.0,7.77,6.99,2.38,69.58,6.14,spring,False,False,False,False,0.0,0.0
2024-10-18 19:01:42,80.0,9.18,7.0,2.36,69.45,9.24,spring,False,False,False,False,0.0,0.0
2024-10-18 19:31:42,80.0,10.22,6.98,2.39,68.53,2.75,spring,False,False,False,False,0.0,0.0
2024-10-18 20:01:42,80.0,10.43,6.98,2.58,68.11,9.18,spring,False,False,False,False,0.0,0.0
2024-10-18 20:31:42,80.0,9.86,6.94,2.66,67.33,7.26,spring,False,False,False,False,0.0,0.0
2024-10-18 21:01:42,80.0,9.19,7.15,2.63,67.05,1.83,spring,False,False,False,False,0.0,0.0
2024-10-18 21:31:42,80.0,8.82,7.14,2.75,66.05,3.11,spring,False,False,False,False,0.0,0.0
2024-10-18 22:01:42,80.0,8.86,7.23,2.81,65.17,3.03,spring,False,False,False,False,0.0,0.0
2024-10-18 22:31:42,80.0,8.82,7.24,2.91,64.75,7.38,spring,False,False,False,False,0.0,0.0
2024-10-18 23:01:42,80.0,8.63,7.11,2.93,63.9,2.98,spring,False,False,False,False,0.0,0.0
2024-10-28 03:02:34,32.7,28.2,7.5,1.4,41.4,12.7,spring,False,False,False,False,0,0
2024-10-28 03:10:17,53.6,24.0,5.5,2.2,53.7,4.3,spring,False,False,False,False,0,0
2024-10-28 03:22:09,44.8,29.9,6.8,1.3,67.5,22.5,spring,False,False,False,False,0,0
2024-10-28 03:22:57,47.8,14.0,5.8,2.2,77.5,4.3,spring,False,False,False,False,0,0
2024-10-28 03:27:42,46.9,10.9,7.1,2.2,75.1,53.8,spring,False,False,False,False,0,0
2024-10-28 03:28:29,51.3,17.2,5.9,1.3,64.5,10.9,spring,False,False,False,False,0,0
2024-10-28 03:51:32,46.4,17.3,6.0,1.4,65.0,45.1,spring,False,False,False,False,0,0
